,addr,mobile,realname
0,北京市朝阳区东坝乡东坝工业园139号院,13910180812,北京盛发运达商贸有限公司
1,河北省三河市燕郊镇爱玛电动车,13801116210,天津市华威天骄科技有限公司
2,北京市平谷区新平东路15号兴合太电动车自行车超市,13264301023,北京骑迹户外用品店
3,北京市怀柔区南大街10号,13701027679,北京华宇天骄自行车销售中心
4,北京市延庆县东外大街60号蔬菜公司1楼爱玛专卖,15901568930,北京瑞昌顺达商行
5,北京市房山区良乡镇小营村167内2号,13901307646,北京鑫京营昊商贸有限公司
6,安徽省宿州市东外环高架桥北1000米永通电缆厂对面（送货地点，接货人：武勇 手机：15551139002）安徽省宿州市环城南路爱玛专卖店（办公地点）,18655739666,宿州市众源工贸有限公司
7,安徽省宿州市泗县文庙商城西门C1区爱玛电动车专卖店,13955719229,泗县泗州车业有限公司
8,安徽省宿州市砀山县道北310国道爱玛专卖店（砀山教育局对面）,18355718009,砀山县金玛车行
9,安徽省宿州市灵璧县经济开发区凌山路8号,15391891111,灵璧县灵城朱增电动车销售部
10,安徽省宿州市萧县交通路78号,13955756169/15655757788,萧县郝帅爱玛电动车专卖店
11,安徽省淮北市相山区相山路桓谭小区院内爱玛电动车专卖店,15956710059,濉溪县城北祥运车行
12,安徽省亳州市涡阳县胜利东路（涡阳二中对面）,18726808888,涡阳县新日车业有限公司
13,安徽省亳州市蒙城县商城东路三栋10户,18056712529,蒙城县商城东路李伟电动车配件批发部
14,安徽省亳州市利辛县青年路738号,13705683088,利辛县世纪车业有限公司西城分公司
15,安徽省亳州市谯城区希夷大道爱玛专卖店（药都医院对面）,13309677977,谯城区鸿兴车业
16,安徽省蚌埠市固镇县汇合路东200米路南中天车业,15055607700,固镇县城关中远电动车商行
17,安徽省蚌埠市蚌山区光彩大市场,13865690022,蚌埠市腾飞车业有限公司
18,安徽省蚌埠市五河县国防路新天地1008号,13865018668,五河县鸿运电动车销售部
19,安徽省阜阳市颍泉开发区颍泉工业园（阜阳生态园）,15605580708,阜阳汇达贸易有限公司
20,安徽省阜阳市界首市东城开发区,18110534999,界首市飞燕电动车行信义街店
21,安徽省阜阳市阜南县地城北路物资局对面,13030686761,阜南县洋海电动车门市部
22,安徽省阜阳市临泉县解放北大街南段爱玛助力车专卖店,13865851998,临泉县金哲电动车经营部
23,安徽省阜阳市颍上县慎城镇中心西路中段南侧,18110519779,颍上县文清电动车行
24,安徽省阜阳市太和县人民中路朴人商厦路东30米,13965591597,太和县正大电动车经销部
25,安徽省淮南市凤台县烟草局南100米,15305544588,淮南市都成商贸有限公司
26,安徽省淮南市田家庵区国庆东路淮南国际汽配城,15255439999,淮南市大家庭电器有限公司
27,安徽省合肥市国际汽车城汽摩配市场130号,13805514512,合肥全泰商贸有限公司
28,安徽省合肥市肥东县龙泉西路11号,15055183567,肥东县昌顺电动车经营部
29,安徽省合肥市肥西县上派镇新华街爱玛总代理,18715155850,肥西新华车业爱玛电动车销售部
30,安徽省巢湖市庐江县越城中路爱玛专卖,13355650918,庐江县大远车行
31,安徽省安庆市光彩大市场二期三区四幢10、12、14、16号,13966638626,安庆市尚德鸿图商贸有限公司
32,安徽省宿松县人民中路建行对面爱玛专卖店,15922338228,宿松县龚云华
33,安徽省安庆市太湖县法华路,15655606599,太湖县高秀明
34,安徽省安庆市桐城市同安南路爱玛电动车专卖店,13505563099,桐城市项冰电动车经营部
35,安徽省安庆市怀宁县高河镇稼先路,13855679820,怀宁县高河镇爱玛电动车经营部
36,安徽省安庆市怀宁县石牌镇皖河大道8号,13965813968,怀宁县石牌隆鑫摩托车经营部
37,安徽省安庆市岳西县建设西路三车队七八门市部,13956541062,岳西县向东摩配经营部
38,安徽省安庆市枞阳县渡江路129号,18155661899,安庆市开发区何宜萍车行经营部
39,安徽省安庆市潜山县梅城镇天柱山大道18号（县信用联社对面）,13966618588,潜山县爱玛电动车专卖店
40,安徽省安庆市望江县三号路/华阳镇雷阳路263-271号爱玛专卖店,13966911828,望江县王森林车行
41,安徽省六安市皖西大市场,13956115788,六安市裕安区爱玛电动车销售部
42,安徽省六安市舒城县城关镇金源步行街131-135号,18756499333,舒城县城关镇金鼎电动自行车商行
43,安徽省六安市霍邱县城关镇庆发大道林业局楼下,13965476633,安徽省六安市霍邱县刘树威
44,安徽省淮南市寿县南关大圆盘明珠大道1号,15855229333,寿县跃平电动车商行
45,安徽省马鞍山市红旗中路65号,13805551360,马鞍山市长城车业有限公司
46,安徽省当涂县提署西路59号阳光花园小区对面爱玛专卖店,18726035115,当涂县福顺车行
47,安徽省马鞍山市和县滨河大道印象滨河小区3栋S101-S109号爱玛电动车专卖店,15655518882,和县恒信汽车销售有限公司
48,安徽省马鞍山市含山县华阳西路楚园春天小区南大门爱玛专卖店,13865219026,含山县环峰镇百兴电动车经营店
49,安徽省芜湖市弋江区晴云路3号爱玛电动车,13855339666,芜湖市双铭车业
50,安徽省芜湖市南陵县城东恒港假日酒店对过爱玛电动车,15055306988,南陵县天宝电动车销售有限公司
51,安徽省芜湖市繁昌县环城东路爱玛专卖店鑫盛车行,13955379666,繁昌县鑫盛电动车经营部
52,安徽省芜湖市无为县西大街无中宿舍门房,13696768822,无为县路路通车业
53,安徽省芜湖市芜湖县湾沚镇环城南路人民保险公司对面兄弟车行,13955321000,芜湖县城关小林车行
54,安徽省滁州市琅琊区天长西路22号爱玛专卖店,13505553588,滁州市顺安商贸有限公司
55,安徽省来安县城河西路爱玛专卖店,13956289330,来安县雨成车行
56,安徽省天长市石粱东路苏果超市向东爱玛电动车专卖店,18712056253,天长市名玛电动车经营部
57,安徽省全椒县襄水西路爱玛售后服务中心,13805507030,全椒县涌金车业商行
58,安徽省定远县东城路交警大队对面爱玛电动车,13855090658,定远县东南摩托车有限公司
59,安徽省凤阳县府北街46号,13955063389,安徽省胜利车业有限公司
60,安徽省明光市池河大道爱玛专卖店,13505505570,明光市雨露车业
61,安徽省巢湖市老坝河北巷4号,13156530448,巢湖市马翔车业销售有限公司
62,安徽省宣城市宣州区状元路口中山路清风电动车销售有限公司,18905631080,宣城市清风电动车销售有限公司
63,安徽省宣城市绩溪县华阳镇龙川大道112甲号,13731922862,绩溪县风火车行
64,安徽省宣城市泾县泾川镇环城东路27-29号,18605635368,泾县天一电动车销售有限公司
65,安徽省宣城市宁国市津河西路教委对面,13905638292,宁国市宁新车业有限公司
66,安徽省宣城市郎溪县中港路十字路口,13063240388,郎溪县腾飞电动车销售有限公司
67,安徽省宣城市旌德县西门北路爱玛专卖店,15256311633,旌德县诚天电动车车行
68,安徽省宣城市广德县太极大道中段,13905637925,广德县庭洋摩托车行
69,安徽省黄山市延安路58号爱玛专卖,13085596079,黄山良宇车业销售有限公司
70,安徽省黄山市祁门县朝阳花园7号楼107-108号店面,13956279556,祁门县建胜车业
71,安徽省黄山市黟县马道路,13855939869,黟县春发车行
72,安徽省黄山市歙县印象徽州38幢1001－1002号，,13205591861,歙县大兴车行
73,安徽省黄山市徽州区徽州大道,15056682472,黄山市徽州区新红鹰车行
74,黄山市黄山区太平西路,18955915678,黄山市黄山区二子车业有限公司
75,安徽省铜陵市淮河路市政大厦1楼爱玛专卖,13856201708,铜陵市明亚商贸有限责任公司
76,安徽省池州市天帝三业广场电动车超市,13905661462,池州市曹氏电动车销售有限公司
77,福建省龙岩市新罗区安南路东亚商城爱玛专卖店,13605911881,龙岩市乔恩贸易有限公司
78,福建省龙岩市连城县莲峰镇连宁路方圆商住楼7号,13859530518,连城县莲峰春英电动车行
79,福建省龙岩区漳平市菁城街道东环路55号,138506993673,漳平市光俗摩托车行
80,福建省龙岩市长汀县汀州环城东路幸福花园139号,13959088511,长汀县腾飞电动车行
81,福建省三明市永安市雁江南路853号,18960545136,永安市天宇车行
82,福建省三明市大田县均溪镇宝山路144号,13850803299,大田县爱玛车行
83,福建省三明市宁化县工商局一楼爱玛电动车,13960578568,宁化县奇安电动车行
84,福建省三明市泰宁县金湖西路邮政支局1楼,18960507315,泰宁县佳盛车行
85,福建省三明市将乐县古铺镇龟三北路2-7号,15859883576,将乐县阿杰电动车经营部
86,福建省三明市建宁县黄舟坊南路10号,15859851158,建宁县协力车行
87,福建省三明市沙县三官堂三幢12-13号,13950993033,三明宏运贸易有限公司
88,福建省三明市清流县龙津镇长兴北街移动宿舍1楼9号店,18950991155,清流县礼兴盛世摩托车行
89,明溪县雪峰镇北大路38号,18505989669,明溪县城关华达摩托车行
90,福建省尤溪县七五路74号瑞英电动车行,13507573381,尤溪县瑞英电动车行
91,福建省漳州市芗城区东南商贸城C区,18960120999,漳州市运旺电动车有限公司
92,福建省漳州市云霄县宝成路75号,15006080444,云霄县昌舜电动车行
93,福建省漳州市漳浦县交通大酒店对面,18960108088,漳浦县绥安镇鸿毅摩托车配件行
94,福建省漳州市诏安县南诏镇中山西路210号,13960102658,诏安县吴剑敏电动车行
95,福建省漳州市龙海市港尾镇梅市村瑞鸿小区对面,15960672553,龙海市群兴摩托贸易有限公司
96,福建省漳州市龙海市海城镇城隍路转角,15959670285,龙海市海澄品胜车行
97,福建省郑州市平和县北环路119号,13365013888,漳州立鸿工贸有限公司
98,福建省漳州市东山县西浦镇白石街新秀路198号,13459686369,东山县西埔镇秀欣电动车店
99,福建省南平市滨江中路579号,13706008969,南平市延平区王氏自行车店
100,福建省南平市邵武市邮政新村一楼,13860021519,邵武市福达摩托车有限公司
101,福建省南平市建阳市童游街道办事处下马亭路华阳大厦,13860005276,南平市建阳区名途车贸商行
102,福建省南平市光泽县坪山路30号,13859394039,光泽县福达贸易有限公司
103,福建省南平市松溪县工农西路70号,13850920088,松溪县爱玛电动车店
104,福建省南平市顺昌县城南中路15号,13859384687,顺昌县兴旺摩托车商行
105,福建省南平市建瓯市锦江A座12号爱玛专卖,13960615907/0599-8238151,建瓯市饶氏电动自行车店
106,福建省南平市浦城县江滨大道107-108号下水南桥头,13859325888/13860023515,浦城县陈小烨电动车商行
107,福建省武夷山市五九南路197号,13656965111/13459919940,武夷山市子心车行
108,福建省宁德市古田县614路71号,13950554098,古田县新兴华利电动车行
109,福建省宁德市屏南县东环北路500号,15259051388,屏南雨晟电动车商行
110,福建省宁德市福鼎市中山南路590-592号,13850399771,福鼎市鼎力车行
111,福建省宁德市福安市甘棠镇府前路A4-6,18959319558,福安市甘棠隆发车行
112,福建省宁德市福安市鹤翔路89号,13860385398,福安市顺利助动自行车车行
113,福建省宁德市霞浦县目海路52号,13706032130,霞浦县胡东平车行
114,福建省福州市晋安区鼓山镇招贤路8号,13860664431,福州新富达贸易有限公司
115,福建省福州市平潭县豪香大酒店西侧134号爱玛专卖店,13358288368,平潭县林珽电动自行车店
116,福建省福州市罗源县凤山镇妈祖前新村57#楼014号,13635261187,罗源县城关榕祥自行车店
117,福建省福州市永泰县樟城镇龙峰园6-1号,13110521999,永泰县樟城龙峰园安安摩托车店
118,福建省福州市闽侯县南屿镇南井十字路口,13763803476,闽侯县南屿嘉业摩托车店
119,福建省福州市连江县凤城镇金安西路西凤苑1号楼电信局对面爱玛车行12号店,18950321680,连江县凤城镇爱玛电动车店
120,福建省福州市闽清县梅城镇西大陆532号,13400550504,闽清长鸿工贸有限公司
121,福建省福州市连江县潘渡乡安新天地贵荣苑负一层35、36店面,15334248888,连江县潘渡乡谦恩自行车店
122,福建省福州长乐市金峰镇董朱礼堂旁,13905901910,长乐金峰春利摩托车店
123,福建省福州市闽清县池园镇后村商贸街,15985706883,闽清县池园克涛摩托车店
124,福建省福州福清市江滨路3号,15959076618/15959030399,福清三亚贸易有限公司
125,福建省莆田市荔城区梅园路900号,13799669139,莆田市荔城区腾飞电动车店
126,福建省莆田市仙游县柳安路新车站红绿灯旁边,13850217755,仙游县鲤南阿朝电动车行
127,仙游县榜头镇光明南路法院旁,13706085648,仙游县榜头镇吓彬立马电动车行
128,莆田市秀屿区笏石镇西天尾停车场对面爱玛电动车,18605014822,莆田市秀屿区笏石启迪车行
129,福建省莆田市涵江区武夷大厦11、12、13号,13615987198,莆田市涵江区福玛电动车行
130,福建省泉州市泉港区南山中路汇丰大厦,13600770955,泉港区奋达电动车商行
131,福建省泉州市丰泽区清源西贤路西华公寓101-102号,15159513173,丰泽区银海电动车行
132,福建省泉州市惠安县崇武镇五峰村惠崇莲岛路,18859591868,惠安县崇武亚扁电动车行
133,福建省泉州市晋江市青阳朱安中路世纪花园2栋123号,13636973562,晋江市青阳安达电动车行
134,福建省泉州市鲤城区中山南路297号,13305055123,泉州市金台凌新能源有限公司
135,福建省石狮市濠江路津花园,13505056969,石狮市众鸿摩托车店
136,福建省厦门市仙岳路1391号,15260075555,厦门尚好捷电动车有限公司
137,福建省厦门市翔安区马巷镇巷西路桐梓社区,13774651780,厦门市翔安区超爱骑电动车经营部
138,福建省厦门市海沧区海达路172号,18850220780,厦门市海沧区鑫佳苑自行车商行
139,福建省厦门市同安区天环城北路同安一中旁爱玛专卖店,15859258695,厦门市同安区捷超摩托车店
140,福建省厦门市集美区杏滨街道杏西路31号,18859243650,厦门市集美区张思剑摩托车行
141,甘肃省庆阳市西峰区二中北门西侧,13993422211,西峰区安骐车行
142,甘肃省平凉市崆峒区新安小区38号,13993398321,平凉市崆峒区吉原车行
143,甘肃省平凉市泾川县建设路,18693332888,泾川县远行品牌电动车专卖店
144,甘肃省兰州市城关区段家滩20号,13919880662,段家滩金翔电动车行
145,甘肃省武威市东大街39号凉州医院对面森祥车业,13519351111,武威市森祥车业科贸有限责任公司
146,甘肃省陇南市武都区,13830987633,武都爱玛电动车滨河店
147,甘肃省嘉峪关市五一南路108-3号,13830791878,嘉峪关市安鹏商贸中心
148,甘肃省金昌市公园路34号,13830555882,公园路益顺三超电器店
149,甘肃省天水市泰州区解放路金怡园12号,13689423711,秦州区爱玛电动车天水总经销
150,甘肃省酒泉敦煌市党河南路126号爱玛专卖店,18793739242,敦煌市金山永宏车业
151,甘肃省张掖市甘州区鸿宇商贸广场中心路31-33号,13993604922,甘肃省张掖市代文忠
152,广东省茂名市文明中路荔红四街135号,13500070089,茂名市城区宇运电动自行车批发商行
153,广东省茂名高州市高凉西路10号,13326569333,高州市三菱摩托车行
154,广东省茂名市电白县平安路1号,13189580730,电白县水东镇华宇电动车行
155,广东省阳春市阳宾大道67号,13829855433,阳春市万隆摩托车行
156,广东省阳江市阳西县新城一区宋康路15号,15819163636,阳西县锐丰车行
157,广东省湛江市霞山区民有路4号之1，之2号铺,13809757319,湛江市爱贸贸易有限公司
158,广东省湛江市廉江市安铺镇新华书店一楼,13822531998,廉江市安铺鼎盛摩托车行
159,广东省廉江市良垌镇邮政局对面,13421746111,廉江市雅力车城
160,广东省湛江市徐闻县德新一路68号,13827187778,徐闻县梅红车行
161,广东省湛江市吴川梅录街道人民中路85、87号,15975936606,吴川市梅录小刀电动车店
162,广东省湛江市雷州市西湖大道88号,13434659288,雷州市才智车行
163,广东省湛江市遂溪县遂城镇湛川路28号,18933795354,遂溪县遂城亿富摩托车商行
164,广东省湛江市廉江市中山五路48号,13659752228,廉江市廉通贸易有限公司
165,广东省湛江市坡头区南调路30号,18924400858,湛江市坡头区南调华伟车行
166,广东省云浮市新兴县新城镇沿江中路（交警中队旁边）,13824690800,新兴县新城镇爱玛电动车行
167,广东省云浮市郁南县都城镇一环中路15号首层,15811771839,郁南县都城镇凯骑电动车经营部
168,广东省云浮市市区兴云东路265号之一首层东起第六卡,13602962176,云城区凌运摩托车行
169,广东省云浮市罗定市大岗东路128号,15918521501,罗定市鸿鑫电动自行车行
170,广东省江门市堤东路179号雅信贸易有限公司,13702273778,江门市雅信贸易有限公司
171,广东省江门市开平市三埠区新昌新华路144号铺位,13702221211,开平市三埠区中铃电动车行
172,鹤山市沙坪镇人民西路1号之二十二，二十三,13702290321,鹤山市沙坪金雅电动车行
173,恩平市新平中路52号,13822327502,恩平市新豪车行
174,广东省江门市台山市台城桥湖路12号,13702705566,台山市台城建通车业销售行
175,佛山市三水区西南街道同福路12号05,13902858240,佛山市三水区西南街一路顺自行车店
176,广东省佛山市高明区荷城街道沧江路108号,13928530628,佛山市高明区和成车行
177,广东省佛山市高明区明城镇明六路12号明城广场C6号铺,18664290336,佛山市高明区明城镇开创摩托车行
178,广东省佛山市顺德区大良环市北路33号恒丰楼13-14号铺,13326733914,顺德区大良晨阳电动车经营部
179,佛山市顺德区北滘镇北滘跃进北路11号,13380262759,佛山市顺德区北滘潘远仕五金店
180,佛山市顺德区乐从镇乐从居委会新马路海日名苑5号铺,13929166526,佛山市顺德区乐从镇广豪电动车行
181,顺德区杏坛镇河北路12号杏坛大酒店1楼A11号商铺,13928229963,顺德区杏坛镇旋意车行
182,广东省佛山市顺德区乐从镇水藤村入村大道南侧3号地之八,18028104595,佛山市顺德区乐从镇日阳电动车行
183,佛山市禅城区市东下路18号之二一座首层部分,13929996910,佛山市伟创盛贸易有限公司
184,广东省佛山市顺德区陈村镇合成居委会二宅基路3号,18169873186,顺德陈村镇高永财电动自行车店
185,广东省佛山市南海区平洲永安北路53号燊兴摩托车维修店,13923172220,佛山市南海区桂城燊兴摩托车商行
186,广东省佛山市南海区罗村联星上二股份经济合作社商业街南区D栋1号,13420727158,佛山市南海区万众电动车经营部
187,佛山市南海区西樵镇樵乐路30号农机站综合楼首层铺位1-4号,13809703001,佛山市南海区西樵声怡车行
188,佛山市南海区里水镇夏塘路118.120号,18988675756,佛山市南海区里水双新车行
189,广东省佛山市南海区狮山镇官窑大榄村第六村民小组人字桥巷2号首层,13923198355,佛山市南海区官窑致兴摩托车行
190,广东省佛山市南海区桂城街道叠南茶基乡口16号铺,13702555098,佛山市南海桂城英杰汽车维修店
191,佛山市南海区大沥广云路沥西路段兴沥雄摩托车城内第壹座B一之四号铺位,18028155468,佛山市南海区大沥新川摩托车商行
192,广东省清远市清城区环城一路嘉裕楼首层,13927684866,清远市清城区威锋电动车行
193,广东省清远市连州市中山北路,13729693612,连州市卫峰车行
194,广东省清远市佛冈县石角镇振兴中路124号,13417247778,佛冈县石角镇江达电动车行
195,广东省清远市英德市浈阳路城市豪庭A13-14号,13824944198,英德市英城雄辉电动车行
196,广东省韶关市西堤中路27号,13726573530,韶关市武江区华方贸易有限公司
197,广东省韶关市南雄市体育路健身广场丁香阁2.3号门店,1358013750,南雄市雄州街道兴顺达车行
198,广东省韶关市乐昌市站前路112号商铺,13030104209,乐昌市平祥摩托车行分店
199,河源市源城区西堤路龙颈巷西侧星河湾畔CD栋123号、CD栋201号,18688095888,河源市源城区龙鼎电动车行
200,连平县忠信镇忠和路26号,13690953733,连平县忠信镇世通电动车店
201,连平县城东园大道丽江豪庭2号,13690967420,连平县城海源车行
202,广东省河源市龙川县沿江路隆西工商所旁,18038517732,龙川县祥达爱玛电动车专卖店
203,广东省梅州市梅州大道17号,15812959663,梅州粤东摩托车销售有限公司
204,广东省梅州市蕉岭县蕉城镇溪峰西路65号,13823879935,蕉岭县志顺车行
205,广东省梅州市兴宁市兴城侨港街53.55号,13539182452,兴宁市新平摩托车行
206,广东省肇庆市端州区端州三路55号龙景花园C幢首层第108卡,13827593398,端州区景盛电动车商行
207,封开县江口大唐路64号,13670255367,封开县江口镇顺创车行
208,封开县莲都镇百吉桥头（室内）,13542956828,封开县莲都镇恒信摩托车行
209,广东省肇庆市四会市高新区龙王庙大道榕园F幢123、124号高铺,13929839073,高新区兴旺摩托车行
210,广东省肇庆市怀集县怀成镇解放中路35号,13902369192,怀集县雷达摩托车销售有限公司
211,广东省肇庆市四会市东城街道清塘村委会大路巷村,15361731350,四会市城中区众达电动车行
212,广宁县南街镇南东二路168号右起第5-6卡,15975290867,广宁县金锋阳电动车行
213,广东省肇庆区鼎湖区莲花镇依坑美食街321国道边第4-6卡,13346563636,鼎湖区广达摩托车行
214,广东省珠海市斗门区井岸镇朝阳区井湾路38号地下铺位,13702778333,斗门区井岸镇实力车行
215,广东省珠海市金湾区红旗镇小林和兴路301号商铺,13192272037,金湾区鸿泽电动自行车商行
216,广州市白云区三元里大道1136号首层之一,18620273009,广州市白云区新市一路顺自行车商店
217,广东省广州市白云区增槎路螺涌围段孖涌商业街自编49号,18666624797,广州市白云区松洲昱铭电动车配件商行
218,广东省广州市番禺区大北路368-376号,13712526789,广州市培胜助动自行车有限公司
219,广东省广州市黄埔区长洲镇金洲北路676号,13710056449,广州市黄埔区长洲锋阳自行车行
220,广东省广州市增城市荔城街开园中路18号,13609094054,广州市增城富阳电动车行
221,广东省广州市花都区狮岭镇杨一村中四经济社,13926297552,广州市花都区狮岭力胜电动车店
222,广东省广州市增城区新塘镇群贤路231号广发大厦北10-12号,18925152668,广州市增城发昌电动车店
223,广州市天河区棠下大片路14号1号铺,13725119842,广州市天河区东棠王记电动自行车店
224,广东省广州市天河区东圃二马路54号103房,15818802898,广州铃金自行车有限公司
225,广东省广州市天河区长兴路24号06房,13729805812,广州市天河区元岗东璇自行车商行
226,广东省广州市白云区太和镇太营路131号,13066317509,广州市白云区太和万杰伦电动车经营部
227,广东省广州市番禺区石楼镇市莲路232号,13535392508,广州市番禺区石楼飞虹助动自行车店
228,广东省广州市番禺区石基镇基龙西路5号,13318798620,广州市番禺区平连助动自行车经营部
229,广东省广州市白云区人和镇鹤龙六路396号,13543452044,广州市白云区人和盛玛电动车购销部
230,广东省广州市南沙区金洲金沙路6号,15102098838,广州市南沙区南沙林楚荣电动自行车店
231,广东省广州市番禺区南村镇金江大道167号,13316113993,广州市番禺区南村永乐摩托车店
232,广东省广州市萝岗开发区荔红路93号,13352807934,广州市萝岗区陈耀自行车店
233,广州市荔枝湾区中南街赤岗西约398号之一,13172028665,广州市荔湾区冬娥商行
234,广东省广州市黄埔区港湾西四街66号大院9-10号铺,13676290900,广州市黄埔区学博自行车店
235,广东省广州市花都区新华街宝华路35号,15975388188,广州市花都区新华聚兴助动自行车经营部
236,广东省广州市番禺区大石街大山村祥和路13号,18613008600,广州同推机电设备有限公司
237,广州市海珠区石榴岗19号自编C32档,15322078355,广州市海珠区安骑自行车店
238,广东省广州市番禺区大龙街石岗东路清河市场牌坊旁,13078858338,广州市番禺区石基博美助力自行车店
239,广东省广州市番禺区东涌镇东兴三街13-17号,18925064256,广州市南沙区东涌福东兴电动自行车商行
240,广东省广州市从化市城郊街新村北路25-27号,18688483851,广州市从化街口忠强电动自行车行
241,广东省广州市白云区均禾街石加路30号,15902055031,广州市白云区均禾柏嘉达车行
242,广东省广州市白云区石门街红星村石沙路262号A栋4号铺,13710812008,广州市白云区石井添家桦电动自行车车行
243,广州市白云区江高镇江人一路14号,13392484950,广州市白云区江高辉进电动车店
244,广东省广州市白云区鹤龙街黄边后花园30号,15920431878,广州市白云区黄石玛骑腾车行
245,广东省广州市萝岗区镇龙大道217号,13760798663,广州市萝岗区新城农机修理部
246,广东省中山市火炬开发区张家边一村,13923347009,中山火炬开发区骏驰电动自行车商行
247,广东省揭阳市区东山美阳马牙路与美阳路交界处爱玛车行,15361207998,揭阳市榕城区东兴爱马摩托车行
248,广东省揭阳市普宁市兰花广场北侧100米,18923532355,广东省揭阳市普宁市秦妙芬
249,广东省揭阳市揭西县棉湖镇洪棉路41号潮信车行,18998261883,揭西县棉湖潮信车行
250,广东省揭阳市揭西县河婆河江大道（汽贸门市对面）,13502563826,揭西县河婆准巢电动车行
251,广东省揭阳市惠来县惠城镇站南路东侧中裕花园首层大门往北2-3间,18813679786,惠来县惠城镇风顺摩托车行
252,广东省揭阳市惠来县葵潭镇广汕大道116号,13542229963,广东省惠来县葵潭镇郑文场
253,广东省潮州市潮安县金石镇金石大道中段,13413744447,潮州市潮安区金石镇今喜车行
254,广东省潮州市饶平县黄冈镇沿河北路37号之1-之2,13923526588,饶平县黄冈广达贸易商行
255,广东省汕尾市城南路397-399号,13828983920,汕尾市城区小禾摩托车行
256,广东省汕尾市海丰县红城大道东爱玛专卖店,13411089998,海丰县城东日马电动车门店
257,广东省汕尾陆丰市广汕公路红荔花园,13751939644,陆丰市东海爱玛电动车行
258,广东省汕尾市陆河县县城人民中路257号,15914966002,陆河县城新锦昌摩托车经营部
259,广东省汕头市金砂西路8号、东花园楼下爱玛车行,13433337963,汕头市金平区金东骑乐电动车行
260,广东省汕头市潮阳区棉城城南棉新路,15915532789,魏岳杰
261,广东省汕头市潮阳区谷饶镇茂广谷苑B幢1-2号,13421896948,汕头市潮阳区谷饶健洲摩托车行
262,广东省汕头市龙湖区长江路,13318090408,汕头市龙湖区万福车行
263,广东省汕头市濠江区磊广大道怡丰花园（供电局附近）,13531152704,汕头市濠江区老四摩托车行
264,广东省汕头市澄海区莲上镇永新邮电局对面,13682950555,汕头市澄海区东雁车辆贸易有限公司
265,广东省惠州市惠城区鹅岭西路18号上排保骆园,13502277390,惠州市惠城区路得宝电动自行车环城西店
266,广东省深圳市宝安十一区新乐一街三号,18927441952,深圳市宝安区新安爱马王自行车商行
267,广东省深圳市南山区南山街道南光天安宿舍6栋2号铺,13612869904,深圳市南山区天安顺程自行车行
268,深圳市南山区沙河街道新塘路5-1号,13544031820,深圳市南山区台顺电动车专卖店
269,广东省深圳市宝安区西乡镇固戌一路593号,13556892881,深圳市宝安区西乡达鑫自行车行
270,广东省深圳市宝安区福永镇福永街道福永社区43-47号,13828738983,深圳市宝安区福永本三自行车店
271,广东省深圳市宝安区西乡街道宝兴花园1栋112号,15813888608,深圳市宝安区西乡徐伟自行车修理店
272,广东生活上深圳市宝安区新安街道31区上川路112号,13632685798,深圳市宝安区新安鑫强庭自行车行
273,广东省深圳市宝安区大浪街道龙胜社区工业西路龙凤城市酒店一楼A01号（龙凤镇）,13025453999,深圳市龙华新区大浪广和单车行
274,广东省深圳市龙华新区龙华街道松和新村东一巷1号,13510577569,深圳市龙华新区龙华鸿兴电动车商行
275,广东省深圳市宝安区沙井镇沙井大街260号,18948759781,深圳市宝安区沙井顺意达车行
276,广东省深圳市宝安区松岗街道花果山社区环城路食品大楼1楼107号,13692278698,深圳市宝安区松岗大邦自行车行
277,广东省深圳市光明新区光明街道光明大街翠湖社区57栋104号,18923806213,深圳市光明新区光明酷酷车行
278,广东省深圳市新区公明办事处松白路邮政商铺B6-B9号,18688921383,深圳市光明新区公明广源电动车行
279,广东省深圳市坪山新区立新东路6号,13609629974,深圳市坪山新区深龙摩托车商店
280,广东省深圳市坪山新区坑梓镇宝梓北路41号,15323727492,深圳市坪山新区天祝电动自行车商店
281,广东省深圳市龙岗区葵涌老街道8号一楼,13682585253,深圳市龙岗区葵涌佰成摩托车店
282,广东省深圳市龙岗区龙岗街道龙岗社区龙园路一巷一号一楼,13411877554,深圳市雄发源电动车行商行
283,广东省深圳市平湖街道荔园路51号101-12号商铺,15018505007,深圳市龙岗区恒达电动车行
284,广东省深圳-龙岗区-布吉街道信达商业中心A区1楼A12号,13686884519,深圳市龙岗区布吉威达发电动车行
285,深圳市福田区福田村牛巷68号102,15013415709,深圳市福田区枫速自行车行
286,广东省深圳市龙岗区坪地街道龙岗大道,13113989820,深圳市龙岗区坪地骏跃自行车商行
287,广东省深圳市宝安区石岩街道上下屋社区宝石东路508号103,13570887988,深圳市文力兴贸易有限公司
288,广东省东莞市高埗镇高埗村四区005号之2,13532336822,东莞市高埗佳佳自行车店
289,广东省东莞市万江街道胜利社区坝新路爱迪花园北区前一栋11-12号铺,15818328300,东莞市万江老房自行车店
290,广东省东莞市南城区篁村宏远路14号楼8号铺,13717445788,东莞市南城宜捷自行车店
291,广东省东莞市东坑镇文阁路43号,18929180129,东莞市东坑春燕自行车店
292,广东省东莞市大朗镇求富路,15812850111,东莞市红红自行车有限公司
293,广东省东莞市塘厦镇东兴大道165号,13923624282,东莞市塘厦松佳自行车店
294,广东省东莞市大岭山镇振华路165号,18929142407,东莞市大岭山骑乐自行车店
295,广东省东莞市常平镇东兴路163号,13688970799,东莞市常平常捷自行车店
296,广东省东莞市石碣镇新区凤鸣街12号,13113202076,东莞市石碣永发自行车商店
297,广东省东莞市寮步镇教育北路2号,13433665988,东莞市寮步骑达自行车专卖店
298,广东省东莞市横沥镇半仙山桃园街15号,13827248080,东莞市双军贸易有限公司
299,广东省东莞市黄江镇永盛街55号一楼,13751226605,东莞市黄江永吉自行车经营部
300,东莞市凤岗镇雁田村祥新中路29号一楼,13923624282,东莞市凤岗越佳自行车商行
301,广东省东莞市沙田镇稔洲村环保城冠杰厂旁第15商铺,18676942701,东莞市沙田乐途自行车店
302,东莞市东莞市虎门镇解放路57号新安大厦A幢9、10号铺位,13528806998,东莞市虎门飞腾自行车行
303,广东省东莞市清溪镇清厦广场5区5号,15811810218,东莞市清溪佳华自行车店
304,广东省石排镇石排村石兴路209号,13652662756,东莞市石排勇锋人力自行车商店
305,东莞市桥头镇莲湖路628号,18024350502,东莞市桥头绿源自行车店
306,广东省东莞市厚街镇新房路131号,13713128079,东莞市厚街伟丽自行车商行
307,东莞市石龙镇中山西社区红棉路1号之五,13929481808,东莞市石龙源东自行车店 
308,广西省南宁市中华路133-4号,13878850778,南宁开来电动车有限公司
309,广西省南宁市上林县智成路141号,13457822335,上林县福特车城
310,广西省南宁市宾阳县工业品市场8栋801,13100505413,宾阳县爱玛助力自行车专卖店
311,广西省南宁市宾阳县黎塘镇金龙大道124/126号,15177099869,宾阳县华英彬贸易有限公司
312,广西省南宁市武鸣县万隆商业广场万里行车行,13377016911,武鸣万里行车行
313,广西省南宁市马山县金旺达车行,18589888008,马山县金旺达车行
314,广西省南宁市隆安县盛利车行,13237802178,隆安县圣利车行
315,广西省南宁市横县横州镇江北大道362号,18078122808,横县正大力电动车车行
316,广西省来宾市维林大道与文辉路交叉口西北侧,18377227722,来宾市绿和贸易有限公司
317,广西省来宾市忻城县城关镇芝州一路66号,13078044536,忻城县福顺贸易有限公司
318,广西省来宾市武宣县武宣镇城北路209号,13768527178,武宣新丰车业销售有限责任公司
319,广西省来宾市金秀县桐木镇雅文路109号,18877292014,金秀县桐木镇盛丰车行
320,象州县象州镇建新路粮食局大门旁,18176343966,象州骏成车行
321,广西省来宾市合山市人民中路652号,15278854256,合山市万盛电动车行
322,广西省百色市平果县爱玛专卖店,15277688898,平果县爱玛电动车经营店
323,广西省百色市城北二路凤凰城A9号力佳车行,18907768638,广西力佳恒商贸有限公司
324,广西省百色市凌云县前进街115号,13481627432,凌云县爱玛电动车
325,广西省百色市靖西县城东路第三中学对面881号爱玛专卖店,18977666975,靖西市辉业车行
326,广西省百色市德保县德胜路王野电动车行爱玛专卖,18977656646,德保县幸运星电动车行
327,广西省河池市南新东路大市场对面,18877860699,金城江区博凯电动自行车店
328,广西省河池市巴马县寿乡大道1071号,18777827570,巴马爱玛电动车部
329,广西省河池市都安县屏山中路20号,18775857298,都安浩洋娇子电动车经营店
330,广西省宜州市刘三姐大道190-1号,13977843527,宜州市明信电动车行
331,广西省钦州市文峰南路209号,13877774447,钦州市志超商贸有限公司
332,广西省钦州市灵山县灵城镇燕山路23号,18378726688,灵山县灵城镇安达摩托车行
333,广西省钦州市浦北县民兴路97号,18077756060,浦北县从锦摩托车有限公司
334,广西省北海市北部湾中路1号,13307796369,北海市安驰桂海商贸有限公司
335,广西省北海市合浦县还珠广场商业步行街A6栋4号爱玛专卖店,18677902628,合浦佳睿车行
336,广西省防城港市防城区团结路1-3号,13307808753,防城港市防城区艾派贸易有限公司
337,广西省防城港市港口区雨万路同德金港阳光二号,18777009595,防城港市港口区文馨车行
338,广西省防城港市上思县中华路,13977002711,上思县清皓电动车行
339,广西省防城港市东兴市北仑大道120号,15677732278,东兴哎派电动车行
340,广西省崇左市宁明县新东路凤凰市场爱玛专卖店,15077078440,宁明县鑫德销售有限责任公司
341,广西省崇左市凭祥市银兴街6栋124号,13878710113,凭祥市成明贸易有限公司
342,广西省崇左市大新县桃城镇明仕路14-2号,13597286367,大新县爱玛电动车店
343,广西省崇左市天等县天等镇天宝北路,18978178889,天等县华盛车行
344,广西省崇左市江南路25-9号,13768805299,崇左市白云摩托车有限公司
345,扶绥县新宇镇永宁路39号,13768218340,扶绥县熊氏电动车行
346,广西省崇左市龙州县爱玛专卖店,13768210515,龙州强盛车行
347,广西省玉林市美林商业街310号,13977568166,玉林市惠朋商贸有限公司
348,广西省玉林市容县容州镇城西路63号,18307755891,容县容州意格威电动车商店
349,广西省玉林市陆川县陆兴路第22-24号铺面,13907852600,陆川兴旺摩托车销售有限公司
350,广西省玉林市北流市城东一路0023号一楼,13737510528,北流市宏丰商贸有限公司
351,广西省玉林市博白县人民北路156号,13517759136,博白县城区冬兰车行
352,广西省玉林市博白县文地镇文英路,13788153633,博白县文地镇阿传车行
353,广西省柳州市北雀路71-21、22号,13481980320,柳州市爱尚电动车销售有限公司
354,广西省柳江县柳堡卢553号,15877224392,柳江县迅鹰电动车经营部
355,柳城县大浦镇河东大道471号,13707823223,柳城县丰园摩托车行
356,广西省柳州市柳城县六塘镇六塘街,13788627142,柳城县六塘镇立信车行
357,广西省鹿寨县鹿寨镇建中东路31之7号,13237825576,鹿寨县子扬电动摩托车经营部
358,广西省柳州市融水县商贸城1-3栋B面11.12号,15977231377,融水县融水镇洪智电动车行
359,广西省柳州市鹿寨县雒容镇雒柳路45号中国联通营业厅旁,13237825576,柳州市柳东新区立丰电动车行
360,广西省梧州市蝶山区工厂一路72-1号6-9号铺,13307746000,梧州市旺玛商贸有限公司
361,广西省梧州市蒙山县湄江街南路东4号,18977448226,蒙山县华全摩托车修理店
362,广西省梧州市藤县藤州镇南梧小区120号,13737822457,藤县金金摩托车行
363,广西省梧州市岑溪市义洲大道208号爱玛电动车专卖店,13877452050,岑溪市腾辉电动自行车经营部（微型企业）
364,广西省梧州市苍梧县城南大道32号,13788047215,梧州市龙圩区成鑫车行
365,贺州市八步区建设中路192号,13978448640,广西贺州鑫汇贸易有限公司
366,广西省贺州市昭平县西宁中路79-9号,13100549722,昭平县昭平镇传承车行
367,广西省贵港市港北区中山路中段爱玛电动车专卖店,13878587555,贵港市港北区周亿阳电动车商行
368,广西贵港市桂平市劳动保险所路口爱玛专卖店,13907856211,桂平市威玛车行
369,广西省贵港市平南县二环路粤龙汽修对面,13907856211,平南县威玛车业有限责任公司
370,广西省桂林市中山南路27号,18978696969,广西桂林冠军贸易有限公司
371,桂林市象山区凯凤路101号金地球农机汽配大市场16栋1-2号10号商铺,18978662288,桂林市禾东商贸有限公司
372,贵州省贵阳市南明区沙虫北路大理石路口,18275323771,贵阳南明远豪机电商行
373,贵州省铜仁地区玉屏县商贸城人民路176号爱玛电动车专卖店,18385959345,玉屏县小夏车行
374,贵州省遵义市汇川区长沙路口前行500米,18275490299,汇川区尧兴电动车经营部
375,贵州省凯里市迎宾大道22号,13985820750,凯里市许强摩托车经营部
376,贵州省六盘水市钟山开发区大成湖滨公寓4号楼1层8号,13985933639,贵州金万友商贸有限公司
377,贵州省毕节市七星关区天河路六洞桥爱玛售后部,18685718087,七星关区旭锋车行
378,贵州省铜仁市印江自治县鹅岭镇花园城,15308563562,爱玛电动车行
379,都匀市利雄电动车经销部都匀市西苑虹桥苑一层20号,13885469546,都匀市利雄电动车销售部
380,贵州省独山县百泉镇环西路（南大机动动车市场）内B栋34-36号,13764413686,独山县百泉镇潘志雄电动车专卖店
381,贵州省黔南瓮安县雍阳办事处河滨社区鱼河乡政府宿舍门面,15885583019,瓮安县阳光车行
382,贵州省苗族自治州荔波县玉屏镇堂塘地路74号,18085044335,荔波县玉屏鑫宇电动车行塘地店
383,贵州省苗族自治州兴义市南环路29号,18748894566,兴义市建兴电动车行
384,海南省海口市琼山区琼州大道9号爱玛专卖店,15103028888,海南鑫国英贸易有限公司
385,海口市儋州市儋州市那大人民东路115远都物流综合市场A栋5.6.7.8号商铺,18876732586,儋州那大祥意电动车商行
386,海南省澄迈县金江镇人民西路84号,18976294233,澄迈金江海妹爱玛电动车专卖店
387,海南省陵水县北斗路243-249号爱玛电动车,13876052985,海口天利虹腾实业有限公司
388,海南省东方市八所镇东海路40-1号,18117660766,东方东海神龙车行
389,海南省定安县定城镇见龙大道原大众西路,13637522262,定安定城爱玛电动车专卖店
390,海南省保亭县团结北路西侧广东街二期2幢1号1-2号,13876336520,保亭保城佳昌车行
391,"海南省乐东县黄流镇黄流中学东侧第19,20号商品房",13178950700,乐东黄流爱玛电动车专卖店
392,"海南省万宁市万城镇建设北街114,116,118号",18976517666,万宁万城鑫源电动车行
393,海南省乐东县城感恩路爱玛电动车专卖店,15799090303,乐东抱由鑫发车行
394,海南省昌江县石碌镇人民北路239号,13215759898,海南特田投资有限公司
395,海南省琼海市嘉积镇富海路人民医院对面,13122663686,琼海嘉积富诚电动车行
396,海南省琼中县海榆中线137.6公里南处,13398983318,琼中华胜商贸有限责任公司
397,海南省屯昌县屯城镇昌盛二路（交通局对面）,18689973927,屯昌屯城顺达车行
398,海南省五指山市迎宾大道爱玛电动车专卖店,18889371999,五指山佳昌贸易有限公司
399,海南省临高县临城镇跃进路5号,13617530720,临高县临城丽荣车行
400,海南省三亚市美兰区蓝天街道塔光社区瓦灶村2-30-1号,15120646777,三亚鑫爱玛实业有限公司
401,海南省文昌县文城镇文新路49号,13876933332,文昌郑记摩托车销售有限公司
402, 河北省张家口市阳原县西城镇龙泉路路东,15233022042,阳原县西城淑霞代步车经销部
403,河北省张家口市宣化区财神庙街D 1-55号,13833322747,宣化区爱玛电动车专卖店
404,河北省张家口市桥西区西河沿南路85号,17736357068,张家口市瑞特瑞产业有限公司
405,河北省张家口市蔚县蔚州镇排楼北街远征车城,15075392988,蔚县蔚州镇永通车城
406,河北省张家口市涿鹿县人民南街30号,13780236091,涿鹿县任利江爱玛电动车专卖店
407,河北省张家口市沽源县平定堡镇东围子路北三小学路口爱玛电动车专卖店,15830346115,沽源县小宋电动车车行
408,河北省张家口市张北县兴华西路晟禾底商路北,15930304220,张北县双赢电动车经销部
409,河北省张家口市赤城县赤城镇秀华中华商场,13603133639,赤城县赤城镇恒基车业
410,张家口市怀安县柴沟堡镇畜牧局底商,15931359913,怀安县柴沟堡镇四胖修理部
411,怀来县沙城镇长城北路时代广场小区2号商业楼11号,18331374844,怀来县日兴手机销售有限公司
412,河北省张家口市康保县东大街桥西爱玛专卖,13903238035,康保县爱玛车行
413,河北省石家庄市河平西路1号05仓库爱玛服务中心,13784378848,石家庄市裕华区芳爱电动车行
414,河北省石家庄市元氏县盘龙路红绿灯西行150米路南爱玛专卖,15032166601,元氏县涵远车行
415,河北省石家庄市无极县县城红绿灯西100米路北爱玛专卖,15032621133,石家庄市无极县刘会英
416,河北省石家庄市正定县城内常山东路一号河北瑞天经贸有限公司,13832130969,河北瑞天经贸有限公司
417,河北省石家庄市灵寿县汽车站东行100米路南永胜车行,15233618188,灵寿县永胜车行
418,河北省石家庄市深泽县府前东路名车商行,13393035606,深泽县鑫鑫电动车行
419,河北省石家庄市赵县影院街0059号,13603219868,赵县众泰山地车销售有限公司
420,河北省行唐县玉城大街万利福超市对面爱玛专卖店,13931189377,行唐县海生自行车车行
421,河北省石家庄市藁城县新华路38号,13930478460,藁城区占斌电动自行车商城
422,河北省石家庄市晋州市新世纪商城电动车一条街,18032136888,晋州市天越电动车经销部
423,新乐市鲜虞街工商局楼下底商,13832188488,新乐市邯邰袁伟电动车行
424,河北省石家庄市辛集市兴华路金冠车业,13931861868,辛集市锦冠电动自行车店
425,河北省衡水市红旗大街7号(新华书店对过),15075828060,衡水市桃城区飞宇电动车经销处
426,河北省衡水深州市永安大街北段路东,13932858167,深州市二妮电动车店
427,河北省衡水市武强县康达市场东侧爱玛专卖店,13191906439,武强县中天车行
428,河北省衡水冀州市金鸡大街158号,13722804888,冀州市三丰电动车车行
429,"河北省衡水市安平县北关村丝网街中段路南
",13623371850, 安平县文豪车业 
430,河北省衡水市故城县郑口镇中华街南段,13292296377,故城县郑口鸿顺电动车销售部
431,河北省衡水市饶阳县老腾电动车专营店,13833890331,饶阳县老腾电动车专营店
432,河北省衡水市枣强县东环路东关十字路口东南角北方摩托车专卖店,15631813324,枣强县北方摩托车专卖店
433,河北省衡水市阜城县富强西路爱玛专卖店,13722806695,阜城县阜康车行
434,河北省衡水市武邑县腾飞北大街县医院斜对过                  ,13833879881,武邑县世纪车行
435,河北省衡水市景县景安大街302号汽车经销公司,18703188266,景县汽车经销公司
436,河北省沧州市新华区清真北大寺西50米路南爱玛电动车,13582721801,沧州市倒骑部落自行车运动俱乐部
437,河北省沧州市泊头市新华街,13633379599,泊头市跑狼电动车专卖店
438,河北省沧州市青县新华中路20号爱玛电动车,15033179859,青县昌盛电动车商店
439,河北省沧州市任丘市裕华中路全城车行,13703277811,任丘市全城自行车商店
440,河北省沧州市东光县茧城大街综合市场北门,13131760912,东光县逸安车业有限公司
441,河北省沧州市献县本斋路明珠市场爱玛电动车,13700389552,献县大兴电动车行
442,河北省沧州市黄骅县万方电动车新华路百货大楼西100米爱玛专卖店,13333279911,黄骅市创业车行
443,河北省沧州市南皮县东兴北路万方摩托车总汇,13932752868,南皮县万通车业销售有限公司
444,河北省沧州市孟村回族自治县建设大街116号爱玛电动车利达车行,13383077111,孟村回族自治县利达车行
445,河北省沧州市吴桥县华山道爱玛电动车,13653375658,吴桥县桑园镇爱玛电动自行车专卖店
446,河北省河间市供销大厦西临墨松车业,13784738389,河间市墨松摩托销售维修中心
447,河北省沧州市肃宁县福明车行,18632733681,肃宁县福明车行
448,河北省沧州市海兴县自行车大世界,15831702333,海兴县忠盛车业经销处
449,河北省沧州市盐山县城十字街东40米路北爱玛电动车,15830826668,盐山县超华电动车经销处
450,邢台市桥东区新华南路甜橙国际底商爱玛专卖店,13303191880,邢台市桥东进源自行车经营店
451,河北省邢台市临西县玉兰东路县医院西临爱玛电动车,18231942111,临西县守忠电动车门市部
452,河北省邢台市南宫市胜利街,15097996065,南宫市爱玛电动车店
453,河北省邢台市柏乡县东环路新世纪摩托车有限公司,18732977059,柏乡县新世纪摩托销售有限公司
454,河北省邢台市隆尧县宾馆西50米路南,13784137732,隆尧县新华路爱玛电动车门市
455,河北省邢台市任县大街西段凯华家电车行,15716996665,任县腾达电动车商场
456,河北省邢台市清河县太行北路47号,13313393266,清河县新时代摩托车商城
457,河北省邢台市内丘县振兴东路62号阳光名优电动车,15350855177,内丘县爱玛电动车门市
458,河北省邢台市沙河市京广路,18833423444,沙河市羽凡车业
459,河北省邢台市威县顺城路中段,13933739860,威县盛杰百货经销处
460,河北省邢台市宁晋县耿庄桥镇金桥市场,15131967088,邢台市宁晋县耿庄桥郭永涛
461,河北省邢台市宁晋县月城路爱玛专卖店,13082003306,宁晋县爱骑车行
462,河北省邢台市南和县建设大街爱玛专卖店,15530975690/13633299151,南和县庆丰电动车门市
463,河北省邢台市临城县转盘南100米路西,13082005959,临城县佳琳电动车经销门市
464,河北省邢台市巨鹿县秦泽西路平安电动车,18932952990,巨鹿县乐活净水器经销部
465,河北省邢台市平乡县中华路县政府东100米,13930917609,平乡县西双爱玛电动车专卖店
466,河北省邢台市新河县振堂路和新兴街交叉口,13932937360,新河县海民车业销售中心
467,河北省邯郸市和平路438号,13503106950,邯郸市高轩车业有限公司
468,河北省邯郸市馆陶县新华西路130号,18031036889,馆陶县晟昱电动车有限公司
469,河北省邯郸市肥乡县兴华街中段路西,13932051121/13785057781,肥乡县宋三摩托车商城
470,河北省邯郸市魏县望远南街中段路西,13603305618,魏县浩翔电动车门市
471,河北省邯郸市广平县建新街1号通达车业有限公司,13932036126,广平县通达电动车商场
472,河北省邯郸市永年县南沿村镇爱玛专卖店,13653306781,永年县升腾电动自行车销售部
473,河北省邯郸市邱县建设街,13832038253,邱县廉奉车业
474,永年县火车站南行200米路西爱玛专卖,13171782175,永年县耀泽电动自行车销售处
475,河北省邯郸市临漳县南二环路口爱玛专卖店,13180520111,临漳县恒盛车业销售部
476,河北省邯郸市磁县中山西路爱玛专卖店,15832009599,磁县胜利电动车门市
477,河北省邯郸市成安县汽车站东800米,13373006688  13373201915,成安县顺浩商贸有限公司
478,河北省邯郸市鸡泽县人民路工贸城楼下,15832078779,鸡泽县爱诚电动车经销部
479,河北省邯郸市峰峰矿区和村镇同德昌车业广场,13483019177,邯郸市峰峰和村同德昌车业广场
480,河北省武安市电动车市场爱玛专卖,13091122958,武安市爱林电动车专卖门市部
481,河北省邯郸市涉县龙山大街邮局楼下爱玛专卖,13373206989,涉县凯兴车业
482,河北省邯郸市大名县大名府路东头1098号,13403108998  18031059992,大名县煜光车业有限公司
483,保定市西大街与城隍庙街交口爱玛专卖店,13903120428,保定市兴惠摩托车销售有限公司
484,河北省保定市满城县玉川西路专卖店,18713275987,满城县盛利车业商行
485,河北省保定市蠡县蠡吾北大街312号爱玛专卖店,13503328922,蠡县蠡吾大街浩辉车业
486,河北省保定市曲阳县二期商城爱玛电动车专卖店,15176262838,曲阳县鑫姿电动车门市部
487,河北省保定市安新县南大街1号通顺车行,15930299527,安新县南大街通顺车行
488,河北省定州市大道观街联通公司对面爱玛专卖店,13070539336,定州市中天商贸有限责任公司
489,河北省安国市电影院小区楼下爱玛专卖店,13730196868,安国市仁达电动车行
490,河北省博野县兴华北街23号爱玛专卖店,13831261260,博野县景莉电动车经销处
491,河北省保定市容城县人民医院对面爱玛专卖店,15830431488,容城县立杰电动车行
492,河北省保定市阜平县东湾街爱玛专卖店,15830431488,阜平县盛轩电动车零售店
493,河北省保定市高阳县人民商场爱玛专卖店,13700322771,高阳县秋丽电动车经销部
494,河北省保定市望都县步行街北口南行30米路西爱玛专卖店,13832290034,望都县俊军爱玛电动车门市
495,河北省保定市顺平县顺兴中路永兴摩托车,13930261596,顺平县永兴摩托车销售有限公司
496,河北省保定市徐水县永兴中路爱玛专卖店,13284359555,徐水县爱玛电动车经销处
497,河北省保定市定兴县兴华西路爱玛专卖店,13463695151,定兴县津容车业经销部
498,河北省保定市唐县向阳中街幸福桥爱玛专卖店,13930890989,唐县永生车行
499,河北省高碑店市南大街15号,13833288333,高碑店市满意商业有限责任公司
500,河北省保定市雄县人民大街105号阳光车行,18633222008,雄县阳光车行
501,河北省保定市涿州市仁和路58号红宇车行,13582395698,涿州市盛世红宇商贸有限公司
502,河北省保定市涞水县南关大街新江商店,18633239711,涞水县新江电动自行车商店
503,河北省保定市涞源县广昌大街,18932681566,涞源县路皇车行
504,河北省保定市易县金台西路85号,15930222809,易县万富林商贸有限公司
505,河北省廊坊市霸州市建设东道562爱玛旗舰店,13832677728,霸州市城区乐购车城
506,河北省廊坊市霸州市胜芳镇爱玛专卖店,13931689658,霸州市胜芳镇东宝摩托车经营部
507,河北省廊坊市固安县新中街永通电动车,18932628088,固安县固安镇玛驰电动车销售部
508,河北省廊坊市文安县城东大街天天车行爱玛专卖店,13785671260,文安县天天车店
509,河北省廊坊市文安县左各庄镇,13832618778,文安县左爱电动车销售部
510,河北省廊坊市香河县淑阳大街33-5号,13803164316,香河县润驰电动自行车商店
511,河北省廊坊市大城县新华西街富新6巷,13833681775,大城县中心街宏卓自行车商行
512,河北省三河市迎宾路新时代电动车大世界,13313366918,三河市泃阳新时代电动车商店
513,河北省廊坊市爱民道军分区对过,18903262488,廊坊市广阳区爱民道铭和泰电动车经销部
514,河北省廊坊市永清县城内益昌路123号,18531639571,永清县城内兴益电动车行
515,河北省廊坊市大厂县西大街88号津洋电动车商行,13483602532,大厂回族自治县城关津洋电动车商行
516,河北省秦皇岛市海港区海阳路159号,13833557667,海港区海阳路金超越电动车商店
517,河北省秦皇岛市山海关区关城南路95号,13343335782,秦皇岛市山海关区博涛摩托车商行
518,河北省秦皇岛市昌黎县立交桥南兴华小区对面       ,13930332138,昌黎县爱点儿车业一分店
519,河北省秦皇岛市青龙县都阳路西段爱玛电动车,15033560899,青龙满族自治县青龙镇友好家电经营部
520,河北省秦皇岛市抚宁县天马大街中段,13930392959,河北省秦皇岛市抚宁县宋晓梅
521,河北省承德市丰宁县京北地产底商9号,13315887668,丰宁满族自治县爱玛电动车销售部
522,双桥区福隆小区6号楼103底商,15903145756,双桥区万顺自行车商行
523,承德县下板城镇杨树林村板城东大街北侧,18730455564,承德县鑫贸车行
524,河北省承德市宽城县新兴街248号,17501057158,宽城东顺爱玛电动车旗舰店
525,河北省承德市兴隆县镇安定东街路南（幸福家园底商）,18730410635/15350728728,兴隆县鸿武车行
526,河北省承德市隆化县隆化镇安洲街商贸城底商,13343388456,隆化县新动力车行
527,河北省承德市滦平县滦平镇新建路,13833429892,滦平县滦平镇翔盛自行车行
528,河北省承德市围场满族自治县围场镇木兰中路（福满家超市北侧）,13403146766/13932425228,围场满族蒙古族自治县围场镇国华名牌自行车经销处
529,平泉县平泉镇迎宾街迎宾小区（双桥一区）S1-31号,15632495199,平泉县平泉镇顺龙电动车车行
530,河北省唐山市复兴路182号爱玛车行,13731537918,唐山市明华商贸有限公司
531,河北省唐山市迁安县昌盛路28号爱玛专卖店,15369511119,迁安市迁安镇金平商店
532,河北省唐山市古冶区林西爱玛专卖店,13333292987/13931560987,唐山市古冶区林西红文爱玛电动车商店
533,河北省唐山市丰润区老庄子镇殿宇车行,15027527633/13111476271,唐山高新技术产业园区殿宇电动车经销部
534,河北省唐山市滦南县倴城镇文化路51号滦南供销大厦,15369536888,滦南县供销大厦有限责任公司
535,河北省唐山市开平区,15176720007,唐山市开平区天诚电动车行
536,河北省唐山市京唐港华隆市场步行街10栋2号,13784640788,唐山海港爱玛电动车商城
537,河北省唐山市滦县建华大街99号,15333159990,滦县新城爱玛电动车专卖店
538,河北省唐山市迁西县喜丰中路信用社对面富达车行,13273536658,迁西县城关富达五金日杂门市部
539,河北省唐山市丰润区曹雪芹东大街爱玛专卖,18134365980,唐山市丰润区巨大电动助力车商店
540,河北省唐山市遵化市西一环南路爱玛专卖店,15130556598,遵化市西环南路津宝自行车商店
541,河北省唐山市丰润区新军屯镇爱玛电动车,15530815818,唐山市路北区双超电动车经销处
542,河北省唐山市唐海县垦丰大街46-6号爱玛专卖店,18003251988,曹妃甸区唐海镇会友自行车商店
543,河北省唐山市汉沽管理区汉沽农场205国道边农行对面,13920514301,唐山市汉沽管理区文静车行
544,河北省唐山市玉田县玉田镇公交大厦东100米,18270003999,玉田县玉田镇三友电动车经销处
545,河北省唐山市丰南区新华街80号爱玛专卖,13333255488,唐山市丰南区丰南镇金玲电动车超市
546,河北省遵化市东新庄镇保真车行,15076589050,遵化市东新庄保真车行
547,河北省遵化市平安城镇爱玛电动车,15076589050,遵化市平安城镇艳民商店
548,郑州市南曹乡外贸仓库,13603990697,河南两轮商贸有限公司
549,河南省郑州市中牟县建设路与北环路交叉口路东爱玛专卖店,13460305555,郑州环行商贸有限公司
550,河南省郑州市荥阳市万山路北段路西,13674986822,荥阳市万山路爱玛电动车行
551,河南省郑州市上街区汝南路中段,13523561695,郑州市上街区爱玛电动车专卖店
552,许昌市魏都区湖滨路467号,0374-2181668,许昌爱玛商贸有限公司刘继强
553,河南省许昌市长葛县人民路北段,15939943406,长葛市兆鑫车业经营部
554,河南省许昌市鄢陵县南大街372号爱玛专卖店,13619885585,鄢陵县恒益电动车商行
555,河南省许昌市禹州市南关大转盘北100米路西,13837486563,禹州市虹祥商贸有限公司
556,河南省平顶山市叶县昆阳大道中段路西,18937526859,叶县昆阳镇燕山电动车平价广场分店
557,河南省平顶山市郏县复兴路中段路西,13783288232,郏县爱新电动车行
558,河南省平顶山市建设路与开源路交叉口向东30米路北,18037592209,平顶山市亨昊商贸有限责任公司
559,河南省平顶山市宝丰县隆兴路中段阳光小区,13849565878,宝丰县城关镇玉祥电动车店
560,河南省平顶山市鲁山县墨工路新汽车站,13937551582,河南省平顶山市鲁山县姬延芝
561,河南省平顶山市汝州市公安局对面爱玛专卖店,13937556606,汝州市占江电动车商行
562,商丘市示范区长江路与星林路交叉口东侧,18337071118,商丘健翔车业有限公司
563,河南省永城市东部电动车爱玛专卖,13937050782,河南省商丘市永城市姜秀英
564,河南省商丘市虞城县义和路中段爱玛专卖店,13598358957,河南省商丘市虞城县范红印
565,夏邑县建设路南段,13569305678,夏邑县爱玛电动车经营部
566,河南省商丘市睢县豫安宾馆东30米,13837022440,睢县爱玛电动车专卖店
567,河南省商丘市民权县秋水路爱玛专卖店,15333709678,河南省商丘市民权县朱春梅
568,河南省商丘市柘城县和谐大街中段 爱玛电动车,13700838366,柘城县王伟电动车专卖店
569,河南省商丘市宁陵县张弓路邮政储蓄银行对面爱玛电动车,13592304279,宁陵县永贞电动车车行
570,河南省开封市公园路8号,15565114161,顺河区百洋电动车商行
571,河南省开封市开封县县府西街,15890353333,开封县城关镇金亮电动车行
572,河南省开封市通许县北开发区商业路,15565133888,通许县东军电动车销售部
573,河南省开封市兰考县迎宾大道中段,13608606829,兰考县民通摩托车有限公司
574,河南省开封市尉氏人民路中段老金沙湾,18530116777,尉氏县城关镇佳远电动车行
575,河南省开封市杞县彭庄电动车大市场,13513789380,杞县爱玛电动车专卖店
576,河南省洛阳市华山北路与汉宫路交叉口,13837930112/17739071717,洛阳市涧西区乐佳电动车行
577,河南省洛阳市栾川县伊水湾大酒店对面,13603889772,栾川县栾川乡爱玛电动车专卖店
578,河南省伊川县酒城北路县粮食局楼下401号,13783139868,伊川县阳光车行
579,河南省洛阳市新安县老城后大路农行东隔壁,15517955866,新安县城关致远车行
580,河南省洛阳市孟津县县城桂花路,13949264886,孟津县会盟镇远大车行
581,河南省偃师市民主路爱玛专卖,13503790327/13503793329,偃师市民主路赵泽贤电动车行
582,河南省洛阳市宜阳县兴宜路口,13353793699,宜阳县城关镇祥鑫电动车店
583,河南省洛阳市汝阳县城关镇建设路66号,15515341777,汝阳县城关镇兰兰爱玛电动车经营店
584,河南省三门峡市湖滨区建设路海阳新城楼下爱玛电动车,13629824757,三门峡市湖滨区露辉电动车商行
585,河南省三门峡市卢氏县县城伏牛路中段,13639864666,卢氏县城关爱玛电动车门市
586,河南省三门峡市陕县商贸城1号城,13603402362,陕县大营镇小刚电动车专营店
587,河南省三门峡市渑池县新市场爱玛电动车专卖店,15139816758,渑池县万洋商贸城爱玛电动车门市
588,河南省三门峡市灵宝市新华街东关桥西50米,13839898123/18939063339,灵宝市万马电动车行
589,河南省三门峡义马市千秋路西段,15516257852/13592566865/15516257852,义马市泰山详礼电动车店
590,河南省南阳市新华西路160号,18538469955,南阳市嘉远电动车销售有限公司
591,河南省南阳宛城区油田爱玛专卖,13037656066,油田平价车城
592,河南省南阳市新野县汉城路东段法院对面,13837755633,新野县新新电动车门市
593,河南省南阳市桐柏县淮源大道,13523643407,桐柏县城关爱玛电动车行
594,河南省邓州市文化路与新华路交叉口向南50米,13949301407,邓州市元会电动车商行
595,河南省南阳市唐河县国税局行政大厅南,13937763106,唐河县爱玛电动车销售中心
596,河南省南阳市西峡县紫金路135号爱玛专卖店,18238187769,城关大顺电动车行
597,河南省南阳市淅川县上九路财富天下斜对面爱玛电动车专卖店,15177755719,淅川县城关爱玛电动车店
598,河南省南阳市镇平县五金机电城爱玛专卖店,13938995700,镇平县马宁车行
599,河南省南阳市方城县综合市场6排,13137789777,方城县城关镇中琪电动车行
600,河南省南阳市社旗县综合大市场西区A201-202号爱玛专卖,13782085681,社旗县爱玛电动车销售部
601,河南省内乡县渚阳大街中段,13838716510,内乡县城关镇爱玛电动车商行
602,河南省南阳市南召县黄洋路双桥爱玛专卖店,15838412399,爱玛电动车商行
603,河南省项城市青年路中段爱玛电动车专卖店,15839477738,项城市水寨建新自行车商行
604,河南省周口市淮阳县商城爱玛专卖,13949978198,淮阳县海波爱玛电动车专卖店
605,河南省周口市太康县县城谢安路中段,13673879768,太康县爱玛电动车专卖店
606,河南省周口市扶沟县县城东关爱玛专卖,18639428565,扶沟县达源家电有限公司
607,河南省周口市西华县七一路中段路北爱玛专卖,15138366866,河南省周口市西华县杜战胜
608,河南省周口市中州路中段朝阳摩托车有限公司,15839477738,周口市朝阳摩托车销售有限公司
609,河南省周口市沈丘县长安中路,13283019968,沈丘县爱玛电动车专卖店
610,郸城县人民路中段路东,15303908880,郸城县春晓电动车商贸中心
611,河南省周口市鹿邑县东城紫气大道爱玛专卖,18039620078,鹿邑县何振爱玛电动车专卖店
612,河南省漯河市解放路爱玛专卖店,13703852898,漯河市大前商贸有限公司
613,河南省漯河市临颍县颖河路中段路北,18003956811,临颍县松章电动车商行
614,河南省安阳县水冶镇利民商厦,18937298999,安阳县利民电器有限责任公司
615,河南省安阳市滑县新区胡庄南路,15994132199,安阳市巨星电动车有限公司
616,汤阴县向阳路岳飞铜像北50米,18603723898,汤阴县城关向阳路大成电动车行
617,河南省林州市龙山区东环路中,15093916815,林州市龙山区富士达电动车销售部
618,河南省安阳市中州路工贸中心站牌西50米,18637218266,安阳市北关区鸿达电动车行
619,河南省濮阳市红旗路,13703839563,濮阳市勇胜车业有限公司
620,河南省濮阳市范县老城东街,13939305326,范县城关爱玛电动车专卖店
621,河南省濮阳市台前县金水路北段爱玛电动车专卖店,13849305807,台前县金水路诚信车行
622,河南省濮阳市南乐县新华商贸步行街,13707671849,南乐县周选童车大世界
623,河南省鹤壁市浚县北关大街中段路东爱玛电动车专卖店,13939261122,浚县城镇增福电动车行
624,河南省鹤壁市淇滨区107国道147号,13939230119,鹤壁市开发区学科电动车经销部
625,河南省鹤壁市淇县红旗路东段房产局对面,13849235999,淇县爱德森电动广场
626,河南省沁阳市建设北路中心岗楼北100米,13849519977,沁阳市辉九车业有限公司
627,河南省焦作市温县大明电动车广场,13839160388,温县古温大街爱玛电动车行
628,武陟县黄河大道农机局楼下,13939155255,武陟县海通名车城
629,河南省焦作市博爱县鸿昌街道办事处中山路中段,13939176645,博爱县文亮车行
630,河南省焦作市孟州市会昌路中段,13782733328,孟州市欣悦电动自行车店
631,河南省焦作市解放区建设中路铜马东,13939161666,焦作市解放区建设中路卫国电动车销售店
632,河南省焦作市修武县云台商厦,15139118601,修武县云台商厦车业超市
633,河南省新乡市红旗区西大街爱玛电动车专卖店,13837311940,新乡市八方视听电子有限责任公司爱玛电动车店
634,河南省新乡市辉县市东环路,13849349846,辉县市爱玛电动车城
635,河南省新乡市获嘉县行政路爱玛专卖店,13781964980,获嘉县东环路艳菊电动自行车门市部
636,河南省新乡市长垣县金贝山商城爱玛专卖店,15083145771,河南省新乡市长垣县毛瑞雪
637,河南省新乡市延津县城关卫生西路爱玛专卖店,13598689398,延津县德隆车业有限公司
638,河南省新乡市卫辉县老电业局楼下万隆商场对过,15560229388,卫辉市健康路劲松电动车行
639,河南新乡市原阳县博大步行街爱玛店 ,13937387111,河南省原阳县娄军亮
640,河南省新乡市封丘县北干道中段爱玛专卖店,15903018518,河南省封丘县遆好强
641,河南省信阳市民权路中段爱玛专卖,13083760899,信阳市浉河区天余爱玛电动车经销处
642,河南省信阳市新县京九路南段爱玛专卖店,13569775219,河南省信阳市新县阮祥军
643,河南省信阳市商城县城关镇西大桥、往东30米,13033709118,商城县爱玛电动车专卖店
644,河南省信阳市淮滨县防洪通道中段,15938236688,淮滨县顺达摩托车销售有限公司
645,河南省信阳市潢川县跃进东路108号,13183373888,潢川县华龙摩托车经销有限责任公司
646,罗山县江淮路万隆商贸,13782995425,罗山县顺峰商贸
647,光山县城司马光东路文化中心对面,13837621708,光山县爱玛电动车专卖店
648,河南省信阳市固始县廖城北路中段爱玛专卖,13782942988,固始县爱玛电动车专卖店
649,河南省驻马店市自由街北段爱玛电动车专卖店,18639969888,驻马店市新洪润商贸有限公司
650,河南省驻马店市正阳县真阳镇南环路,13223836768,河南省驻马店市正阳县熊奎青
651,河南省驻马店市遂平县107国道路东爱玛专卖店,13603801162,遂平县爱玛电动车店
652,河南省驻马店市西平县新洪路爱玛电动车,13603808408,西平县向伟电动车经营部
653,河南省驻马店市汝南县天中商厦一楼,13839901233,汝南县爱玛电动车专卖店
654,河南省驻马店平舆县子地大道爱玛专卖店,13723088878,张小红爱玛电动车销售店
655,河南省驻马店市新蔡县中环路爱玛专卖,13193730888,河南大洪河商贸有限公司
656,河南省驻马店市上蔡县白云大道,13503996253,上蔡县源动力商贸有限公司
657,黑龙江省双鸭山市宝清县利民街440号,13634643777,宝清县福林电动车自行车商行
658,黑龙江省双鸭山市饶河县绕河镇通江街武装小区,13796399906,饶河县新兴达摩托车销售有限责任公司
659,黑龙江省牡丹江市西三条路爱民街路口86号,13624532160,牡丹江市西安区飞达电动车商店
660,黑龙江省牡丹江穆棱市八面通镇长征路,18645314616,穆棱市八面通镇腾辉爱玛电动车专卖店
661,黑龙江省牡丹江市东宁县东宁镇宏源街挨人大家属楼门市,13089869217,东宁县香油姐自行车电动车行
662,黑龙江省牡丹江市海林市华泰购物商场一楼,13945393029,海林市鑫通达摩托车商行
663,黑龙江省哈尔滨市道里区埃德蒙顿路100-3号,13796618844,黑龙江省名典电动车销售有限公司
664,黑龙江省哈尔滨市木兰县木兰镇振兴大街,13351906788,木兰县大运摩托车商行
665,黑龙江省哈尔滨市方正县方正镇中央大街天合大厦,13936482008,方正县方正镇黎明摩托城
666,黑龙江省哈尔滨市依兰县购物中心一层,18104509678,依兰县名典爱玛电动车商店 
667,黑龙江省哈尔滨市南三道街金泰家园楼下,13804540706,五常市大阳三轮车商店
668,黑龙江省鹤岗市萝北县凤翔大街,15545904555,萝北县凤翔镇比德文电动车行
669,黑龙江省鸡西市广源城西门,18604666448,鸡西市鸡冠区国峰自行车商行
670,黑龙江省鸡西市密山市光复街,13351877188,密山市密山镇飞翎摩托车商店
671,黑龙江省大庆市高新区纬二路10-21楼,13351852333,大庆高新区源利自行车商店
672,黑龙江省大庆市肇州县肇州镇民主街八厂西街209号,18346688789,肇州县赵永国电动车行
673,黑龙江省绥化市中直小北五路180号爱玛电动车,15246525333,绥化市北林区小龙爱玛电动车商店
674,黑龙江省海伦市向阳大街生产开发楼南数三门,13704555356,海伦市爱玛自行车商店
675,黑龙江省绥化市望奎县中央大街奋斗路64号,18645563382,望奎县望奎镇正大电动车行
676,黑龙江省七台河市勃利县南大直路,15845397999,勃利县大天电动车商店
677,黑龙江省佳木斯市长安路789号鸿泰电动车商行,13039632136,佳木斯市向阳区鸿泰电动车商行
678,黑龙江省佳木斯市同江市建设路中段爱玛电动车,13339548119,同江市和兴爱玛电动车卖店
679,黑龙江省佳木斯市桦南县新华路,13846115478,桦南县新华铃木摩托车商店
680,黑龙江省佳木斯市富锦市中央大街西段道北,13845448778,富锦市爱玛电动车专卖店
681,黑龙江省佳木斯市汤原县胜利街,13845460008,汤原县天意摩托车行
682,黑龙江省齐齐哈尔市龙沙区安居火电10号楼银钢摩托车,18946271716,龙沙区豪华摩托车商店
683,黑龙江省齐齐哈尔市拜泉县南二道街路西,13763498890,拜泉县华乐家电有限公司
684,黑龙江省齐齐哈尔市克东县鑫源路253号,14745895000,克东县龙华爱玛电动车商店
685,黑龙江省齐齐哈尔市碾子山区铁南综合楼南一号宏大自行车商店,13766515388,齐齐哈尔市碾子山区宏大自行车商店
686,黑龙江省大兴安岭呼玛县呼玛镇和顺家园,13624570312,呼玛县比亚乔摩托车销售部
687,黑龙江省黑河县嫩江县义合兴门市福民大街22号,13846318999,嫩江县大众洪顺摩托车销售有限公司
688,黑龙江省黑河市北安市乌裕尔大街252号,13089098533,北安市鑫鑫盛达自行车配件商店
689,黑龙江省黑河市五大连池市一道街五金楼下,18745651333,五大连池市龙华爱玛电动车商店
690,湖北省武汉市江岸区三阳路19号爱玛专卖店,13907147995,武汉市江岸区尊威力车行
691,湖北省武汉市新洲区邾城齐安大道15号,13986151776,湖北省武汉市新洲区梅卫兵
692,湖北省武汉市江夏区物资大厦楼下门面,13871130768,武汉市江夏区爱玛电动车专卖店
693,湖北省武汉市汉南区汉南大道190号,13797077266,湖北省武汉市汉南区唐春芳
694,湖北省武汉市阳逻街道平江路X爱玛电动车,15527882340,武汉市新洲区元培车行
695,湖北省黄石市黄石大道王家里948#,15871186638,黄石港区小明电动车行
696,湖北省黄石市大冶市大冶大道80-9号（老火车站广场对面）,15871180668,大冶市兴隆摩托车商行
697,湖北省黄石市阳新县古商城501号爱玛专卖,18971779600,阳新县兴国镇诚信车行
698,湖北省黄冈市红安县红坪大道26号卫生防疫站对面爱玛专卖店,13636088110,湖北省红安县喻理平
699,湖北省黄冈市黄州大道爱玛专卖店,15971381289,黄冈市黄州区爱尚车行
700,湖北省黄冈市蕲春县漕河镇齐昌大道163号,18671362918,湖北省黄冈市蕲春县官雄梅
701,湖北省黄冈市浠水县老转盘建行对面,15897927222,湖北省黄冈市浠水县张飞
702,湖北省黄冈市蕲春县蕲州镇二里湖大道爱玛专卖店,13476665995,湖北省黄冈市蕲春县蕲州镇孙强华
703,湖北省黄冈市黄梅县五祖大道466号爱玛电动车,13235429478,湖北省黄冈市黄梅县洪涛
704,麻城市建设路20号,18995738906,麻城市建春电动车经营店
705,湖北省黄冈武穴市三号路房产大厦门面,13972738828,武穴市中盛车行
706,湖北省鄂州市江碧路108号-7爱玛电动车专卖店,13972971379,鄂州市江碧路凯骑电动车行
707,湖北省咸宁市温泉桂花西路112号,13997516279,温泉爱玛电动车专卖店
708,湖北省咸宁市通山县电动车街爱玛专卖店,13669082100,诚信车行
709,湖北省咸宁市通城县北门摩托车街爱玛专卖店,13997505838,湖北省咸宁市通城县杜玲
710,湖北省咸宁市嘉鱼县鱼岳镇沙阳大道56号（畜牧局）,15377175692,湖北省咸宁市嘉鱼县左林
711,湖北省咸宁市崇阳县沿河大道346号,13972857296,湖北省咸宁市崇阳县汪落军
712,湖北省武汉市蔡甸区蔡甸街汉阳大街,13720272573,武汉喜运商贸有限公司
713,湖北省武汉市黄陂区环城冰晶兰59-1号商铺,13871278189,武汉市黄陂区明超摩托车商行
714,湖北省随州广水市永阳大道6号,13886854188,广水市应山爱玛电动车专卖店
715,湖北省随州市时代广场3场爱玛电动车,13100756551/15826769066,湖北随州张艳玲
716,湖北省襄阳市人民路爱玛专卖店,15971106313,湖北省襄樊市襄阳区吕小伟
717,湖北省襄樊老河口市大桥路爱玛专卖店,13995743818,湖北省襄樊市老河口市张华
718,湖北省宜城市襄沙大道51-3号(农业局旁）,13921949117,湖北省宜城顾华安
719,湖北省襄樊市谷城县双雄路7号加油站对面爱玛电动车,13797752366,谷城县爱玛电动车4S店
720,湖北省枣阳市新华北路86号爱玛专卖店,13871788575,枣阳市宏宇电动车经营部
721,长兴一路路口佳吉快运院内,13907298878,孝感市城区黄艳华电动车行
722,湖北市孝感市应城市蒲阳大道光明商务宾馆旁,15098063132,应城市陈记车行
723,湖北省孝感市大悟县城中北路爱玛专卖,13789995169,湖北省孝感市大悟县杜建司
724,湖北省汉川市信女大道8号爱玛专卖店,13733433594董艳玲，13886398565张勇,汉川市尊威车业经销部
725,湖北省孝感市云梦县城关梦泽大道134号,13886393101,云梦县霍涛电动车行
726,湖北省孝感市安陆市文昌路23号爱玛电动车专卖店,18371255598,安陆市金博鸿商贸有限公司
727,湖北省孝昌县新苑中段38号爱玛专卖,15107299799,孝昌张震铎
728,湖北省十堰市茅箭区老街转盘爱玛电动车,15327952888/15717285233,茅箭区火车站顺意摩托车行
729,湖北省十堰市竹山县城关镇人民路107-2,13581380630,竹山县城关镇爱玛电动车销售部
730,湖北省十堰市丹江口市丹江大道砂石厂门口,13117100892,湖北省十堰市丹江口市王红兵
731,湖北省天门市大桥南路摩托车市场爱玛专卖店,15871887288,天门市爱玛电动车专营店
732,湖北省潜江市园林工业园区袁光大道11号,13114339830,湖北省潜江市王斌
733,湖北省仙桃市中亚电动车市场,18608666187,湖北省仙桃市杨建军
734,湖北省荆门钟祥市爱玛专卖店,13593785988,钟祥陈静
735,湖北省荆门市象山大道98号3号门面,13597946667,湖北省荆门市吴艳
736,湖北省荆门市沙洋县汉津大道21-26号,18971867878,沙洋县兴华电动车经营部
737,湖北省荆州市松滋市新江口镇环城路金松建材城88-95号,13593890788,松滋市繁华商贸有限公司
738,湖北省荆州市荆州区荆南路32-26号,15826608858,荆州区全昊车行
739,湖北省荆州地区石首市机动车产业城爱玛专卖店,13972382886,石首市机动车产业城济南轻骑摩托车行
740,湖北省荆州市荆州区弥陀寺西街爱玛电动车店,15927817174,荆州区弥市镇宏达电动车经营部
741,湖北省监利县交通路爱玛专卖店（监利县城区）,13545820777,监利县万家顺电器
742,湖北省荆州市江陵县郝学镇江陵大道,15826608858,湖北省荆州市江陵县唐巧丽
743,湖北省荆州市公安县斗湖堤镇警民路（摩托车大市场）,15171121409,湖北省荆州市公安县严卫华
744,湖北省荆州市洪湖市宏伟南路爱玛专卖,13797397791,湖北省洪湖市杨萍
745,湖北省宜都市名都花园步行街爱玛电动车,15872594509,宜都市爱玛电动车经销店
746,湖北省宜昌市夷陵大道249号,13040999328,宜昌市伍家岗区阳光车行
747,湖北省宜昌当阳市长坂路28号永久车行,13085150987,当阳市玉阳蔡勇电动自行车经营部
748,湖北省宜昌枝江市马家店街办迎宾大道59号,13872660947,枝江市庆龙电动车经营部
749,湖北省恩施市航空路航空花园181号爱玛电动车专卖店,13997763444,恩施李关发
750,湖北省恩施市来凤县凤翔大道105号爱玛电动车专卖店,15342822499,来凤县爱玛电动车专卖店
751,湖南省浏阳市荷花办事处天马路,13237494045,浏阳市荷花安红摩托车行
752,湖南省长沙市芙蓉区远大一路167号(爱玛电动车),18174434688,湖南省长沙市芙蓉区远大一路167号(爱玛电动车)
753,湖南省株洲市攸县交通路爱玛专卖店,15574142073,攸县城关胜辉电动车行
754,湖南省株洲市芦淞区建宁开发区鑫海投资管理有限公司B7号,13786312768,芦淞区中腾车行
755,湖南省株洲市茶陵县摩托车大市场M栋3、4号,13787816298,茶陵县华勇电动车行
756,湖南省湘潭市湘乡市东山中路30号,15873246550,湘乡市昆仑桥办事处欧阳电动车店
757,湖南省岳阳市花板房摩托车大市场11号,13873085183,岳阳市岳阳楼区来利电动车商行
758,湖南省岳阳市平江县城关镇大桥路,18073039808,湖南省岳阳市平江县林江
759,湖南省岳阳市临湘市长五路原副食公司门面,18073012578,湖南省临湘市李里
760,湖南省岳阳市华容县港东南路爱玛电动车专卖店,13100201556,湖南省华容县綦三杰
761,湖南省岳阳汨罗市高泉南路75车队1-2号门面爱玛专卖,13787985112,湖南省汨罗市张寒秋
762,湖南省衡阳市石鼓区泉山路36号,13467741188,衡阳市石鼓区豪玛车业
763,湖南省衡阳市衡山县开云镇义安路39号,13187347099,衡山县王中王摩托超市
764,衡阳县西渡镇蒸阳东路,13575137617/13786431186,衡阳县城关鸿福摩托车修配行
765,湖南省衡阳市衡东县城北正街（东01263）号,18944980732/18973423690,衡东县王派电动车专卖店
766,湖南省衡阳市耒阳市神农路,15773416665,耒阳市爱玛电动车店
767,湖南省衡阳市祁东县鼎西路118号,13317343466,祁东县鼎鑫车行
768,湖南省常宁市泉峰西路交通局旁,13087348386,常宁市荣丰车行
769,湖南省郴州市燕泉北路51号爱玛专卖,13407418788,郴州市冠铭电动车行
770,湖南省郴州市桂阳县鹿峰街道迎宾路,15773530888,桂阳县恩赐摩托车行
771,湖南省郴州市资兴市鲤鱼江区鲤鱼江车站旁,13420240479,资兴市谢基华爱玛电动车经销店
772,湖南省郴州市宜章县城南乡新田村委会第7村民小组,13975517869,宜章县新鑫电动车行
773,湖南省郴州市临武县城关镇文昌南路私人门面,13549595659,临武县吉祥车行
774,湖南省嘉禾县珠泉镇人民南路52号,18175762988,嘉禾县名车汇车行
775,湖南省常德市鼎城区桥南汽车总站斜对面（大湖路）,13575226757,常德市鼎城区腾龙车行
776,湖南省常德市澧县澧阳镇新河居委会澧阳路576号,13975696508,澧县天瑞摩配经营部
777,常德市桃源县漳江镇洞庭宫社区樟江南路洞庭宫居委会门面,13974240719,桃源县漳江镇宋文洪电摩城
778,湖南省怀化市鹤城区舞水路122号,13707451982,鹤城区宏运车行
779,湖南省怀化市会同县新县政府旁（锦绣豪苑6-7号）,18807458580,会同县兄弟车行
780,湖南省怀化市靖州县飞山中路205号,18974579789,靖州县宏盛车行
781,湖南省怀化市麻阳县高村镇建设南路037号,15897417100,麻阳军军车行
782,湖南省湘西土家族苗族自治州凤凰县沱江镇城北凤凰家苑北5栋117-118号门面,13517436726,凤凰县晨曦电动车行
783,湖南省吉首市人民中路广花苑住宅小区1-2.1-3号,15274358010,吉首市爱在米兰电动自行车行
784,湖南省益阳市南县茅草街文化路,15367374918,湖南省益阳市南县曹利明
785,湖南省益阳市南县南洲镇兴盛大道762号,18988838718,南县南洲宇维电动车行
786,湖南省宁远县桐山街道重华南路287号,15581361188,宁远县新现代车行
787,湖南省永州市道县道州北路,13787667286,道县仁秀摩托车店
788,湖南省永州市祁阳县浯溪中路315号（环卫所对面）,13657466668,祁阳县浯溪镇虹源车行
789,湖南省永州市江华瑶族自治县苍松西路17-1号,13974687229,江华瑶族自治县好景摩托车行
790,湖南省永州市新田县老法院门面,13787688071,新田县龙泉镇九生摩托销售店
791,湖南省永州市蓝山县塔峰镇湘粤路253号,15575364699,蓝山县常健电动车销售部
792,湖南省永州市零陵区南津南路派出所斜对面,13874631350,湖南省永州市零陵区王建军
793,湖南省邵阳市双清区建设中路27-28号门面,15873786853,邵阳市顺意电动车行
794,洞口县工业园慧创汽贸城122号,15367299488,洞口县精兵爱玛电动车销售部
795,湖南省邵阳市武冈县陶侃交通局旁,13973578152,武冈市爱玛电动车店
796,湖南省邵阳市邵东县兴和大道483-485号,13507392743,邵东县两市镇大众电动车店
797,湖南省张家界市永定区澧滨小学旁风湾路口爱玛电动车专卖店,18074415789,张家界市永定区宋晗电动车销售部
798,湖南省张家界市慈利县环城南路,15580541628,慈利县云飞电动车车行
799,湖南省娄底市娄星区金香市场20栋16号,15007380659,娄底市经济开发区爱玛电动车店
800,湖南省娄底市双峰县国藩路八号爱玛专卖店,18973813536,双峰县爱玛电动车行
801,吉林省延边自治州延吉市长白山西路1458号,13089326999,延边雅马哈摩托车销售有限公司
802,安新街进修学校南侧,18743398887,珲春市英豪车行
803,吉林省敦化市渤海街翰章南大街果窑一楼门市,18343311717,敦化市鑫源王宇摩托车行
804,和龙市和龙大街,13596589794,和龙市利达自行车商店
805,吉林省通化市柳河县柳河大街区474号,13844552787,柳河县柳河镇科达电动车行
806,吉林省通化市东昌区建设大街纺织配件1号门市房4号门市,15114352666,通化辛升摩托车销售有限公司
807,吉林省集安市鸭江路1643号,18243599090,集安市天予摩托车商行
808,吉林省通化市辉南县朝阳镇大众车行新天地南门,15143775111,辉南县朝阳镇爱玛电动车行
809,吉林省长春市南关区大马路与四马路交汇,13756139944,南关区韵达电动车行
810,吉林省长春榆树市榆树大街北段,13689857308,榆树市爱玛电动车专卖店
811,吉林省长春市德惠市新华街,13844115988,德惠市东盛新能源汽车销售服务有限公司
812,吉林省长春市农安县农安镇政协家属楼北1门,15044170044,农安县农安镇大华电动车行
813,吉林省辽源市龙山区辽河大路5585号,13614378494,辽源市龙山区爱玛电动车行
814,吉林省辽源市东丰县向阳路五金二楼,13843761366,东丰镇新胜五金商店
815,吉林省白城市海明西路28-8号,13894685922,白城市超越车业经销处
816,吉林省白城市洮南市富文东路,15114409876,洮南市吴力志电动车商店
817,吉林省白城市大安市安泰明珠花园小区南门第8门市,15944639885,大安市爱玛电动车商行
818,吉林省白城市大安市安广镇长白西路246号,13943634437,大安市安广镇星驰电动车行
819,吉林省松原市江南锦江大街929号,13943811081,松原市长武经贸有限责任公司
820,吉林省四平市铁东区南一马路1227号,13843449000,四平市铁东区一品摩托车经销处
821,吉林省双辽市老农机公司楼下,13694021187,双辽市爱玛电动车商店
822,吉林省四平市公主岭市汽车站对面爱玛专卖店,15944487024,公主岭市金鑫车业
823,吉林省四平市梨树县梨树镇环卫小区,13069034311,梨树县梨树镇齐鸣摩托车商行
824,吉林省白山市抚松县抚松镇南新区,15104390889,抚松县抚松镇三枪电动车
825,吉林市吉林大街302,,吉林市船营区吉利电动车经销部
826,江苏省南京市白下区中华路536号爱玛专卖店,18551611000,南京永杰电动车销售有限公司
827,江苏省南京市高淳县宝塔路158号,13327716776,高淳县淳溪镇淳中电动车销售中心一店
828,江苏省南京市六合区泰山路25号爱玛专卖店,13002559835,南京六合东泰自行车商店
829,江苏省南京市江宁区上元大街622号南京新吉车辆有限公司,13621596789,南京新吉贸易有限公司
830,江苏省南京市溧水县大东门中国移动对面爱玛专卖店,13776526188,南京市溧水区海蕴车行
831,江苏省南京市浦口区江浦街道中圣南街80号,15996303002,南京市浦口区绿能电动车超市店
832,江苏省镇江市扬中市扬子东路61号,13952900858,扬中市宝岛电动车城
833,镇江市丁卯桥路111号五矿镇江分公司,15952885555,镇江佳冠电动车有限公司
834,江苏省金坛市薛埠镇茅东大街,18651989099,常州金坛东亚摩托销售有限公司
835,常州市武进区礼河镇长北路16号,1893237777,常州市大迈车辆销售有限公司
836,江苏省常州市金坛市北环东路136号,13906146278,常州市金坛区金沙汽车摩托车销售中心
837,江苏省常州市溧阳市平陵中路319号,13961241100,溧阳市先行车辆销售有限公司
838,江苏省扬州市高邮市通湖路爱玛电动车,13164991188,高邮市大华车行
839,江苏省扬州市仪征市人民路77号伟业电动车有限公司（爱玛专卖店）,18952706988,仪征市喜洋洋电动车有限公司
840,江苏省扬州市宝应县安宜东路烟草公司对面,13511706006,宝应县友好车业商行
841,江苏省扬州市江都市长江路行政服务中心斜对面3楼爱玛专卖店,13852780727,江都区仙女镇爱玛电动车商行
842,江苏省扬州市汶河南路33号爱玛专卖店,18912123456,广陵区东升电动车经营部
843,江苏省淮安市金湖县金石机电城电动车超市32幢爱玛专卖店,13852266188,金湖县爱玛电动车经营部
844,江苏省淮安市洪泽县东风路128号水果批发市场,15312341686,洪泽县高良涧镇超越电动车门市
845,江苏省淮安市淮安区楚州大道老汽车站东对面,13511536585,淮安市淮安区耀马摩托车经营部
846,江苏省淮安市淮阴区通盛花苑9幢3号,15851759277,淮阴区飞翔助动自行车经营部
847,江苏省淮安市涟水县淮海路（白鹭花园东大门）爱玛电动车服务部,18015121588,涟水县好的车业有限公司
848,江苏省淮安市盱眙县淮河东路东段,15312344523,盱眙王成电动车配件经营部
849,江苏省苏州市吴中区胥口镇宝带西路5122号,15862339395,苏州市高亿玛贸易有限公司
850,江苏省苏州市昆山市震川西路145号,13906260106,昆山市路通摩托车有限公司
851,江苏省苏州市太仓市人民北路60号爱玛电动车专卖店,13915536131,太仓市城厢镇乐尚电动车商行
852,江苏省苏州市太仓市浮桥镇和平路16号,13913791606,太仓市浮桥镇天翼摩托车维修部
853,江苏省苏州市太仓市浏河镇闸北路爱玛专卖,15206223315,太仓市浏河镇尚清海车行
854,江苏省苏州市太仓市沙溪镇新北东路1号,18662108838,太仓市邵氏物贸有限公司
855,江苏省苏州市常熟市梅李镇伟达电动车销售部,13338724602,常熟市伟达电动车销售有限公司
856,江苏省苏州市吴江市盛泽镇东方中路18号,13812716878,吴江市盛泽镇爱玛电动车店
857,江苏省苏州市张家港市长安中路247号,13906246408,张家港高氏车业有限公司
858,江苏省无锡市江阴市高巷路166-170号,15301521888,江阴市杰玛车业有限公司
859,江苏省无锡市惠山区钱桥镇钱桥大街27号,13961818786,惠山区钱桥美林娜电动车经营部
860,江苏省无锡市锡山区鹅湖镇爱玛专卖店,15861420361,锡山区奋特电动车车行
861,江苏省无锡市锡山区港下镇爱玛专卖店,13921152935,锡山区东港镇倍柔电动车经营部
862,江苏省无锡市宜兴市环保科技工业园茶泉路新阳光管业科技有限公司,18932372333,宜兴市宜城街道熠辉电动自行车店
863,江苏省南通市海安县海安镇中坝北路,13706278666,海安县远大电动车城
864,江苏省南通市港闸区国强路511号,13912258888,南通佰盈商贸有限公司
865,江苏省南通市如东县马塘镇建设路24号,13962792536,如东昆仑电瓶车经营部
866,江苏省南通市如皋市天庭市南侧爱玛专卖,13511586028,如皋市顺缘电动自行车经营部
867,江苏省南通市海门市人民西路370号,13806287078,海门市远翔摩托车有限公司
868,江苏省南通市启东市吕四港镇来鹤路108号,13962732938,启东市康达电动车经营部
869,江苏省靖江市渔婆南路56-8号中信银行南隔壁爱玛专卖店,13739109899,靖江市宝迪贸易有限公司
870,江苏省泰州市海陵区青年路20号爱玛电动车专卖店中信银行对面,15298518518,泰州市子润商贸有限公司
871,江苏省泰州市泰兴市大庆西路15号,18761035718,泰兴市神龙电动车经营部
872,江苏省泰州市兴化市建设路155号,17768633889,兴化市逸涵电动车商行 
873,江苏省泰州市姜堰市人民中路218号,13952680580,姜堰区姜堰镇新通车行
874,江苏省徐州北三环，孟家沟港仓库,18051066886,徐州轻舟电动车有限公司
875,江苏省徐州市贾汪区青山泉镇振峰车行,15298788809,徐州市贾汪区青山泉镇振峰车行
876,江苏省徐州市邳州市民主西路爱玛专卖店,18052180166,邳州市书青商贸有限公司
877,江苏省徐州市新沂市新安路,15250921962,新沂市盛举商贸有限公司
878,江苏省徐州市睢宁县天虹大道爱玛专卖店,13805220385,睢宁县睢城镇万达农资门市
879,江苏省徐州市沛县人民市场南京街东门,13852128901,沛县荣士达电动车销售店
880,江苏省徐州市丰县解放中路欢乐美超市对面,13225288666,徐州润信长商贸有限公司
881,江苏省宿迁市泗阳县淮海中路金地广场爱玛专卖店,13805243631,泗阳县众兴镇顺源电动自行车经营部
882,江苏省宿迁市沭阳县宁波路12号,18761130888,沭阳县上海中路树明电动车经营部
883,江苏省宿迁市黄运路18号爱玛电动车专卖店,18605279855,宿城区大宇电动车经营部
884,江苏省宿迁市泗洪水岸城西门南50米,18118044333,泗洪县严啟芳电动自行车经营部
885,江苏省连云港市赣榆县青河丽景商业街爱玛电动车,18036666619,赣榆区青口镇爱玛电动车店
886,江苏省连云港市灌云县向阳路工商银行对面,15305122100,灌云县伊山镇爱玛电动车门市
887,江苏省连云港市灌南县人民东路3-6号,13815620583,灌南县新安镇爱玛电动车经营部
888,江苏省连云港市东海县牛山镇菜市街57-10号,15996131819,东海县牛山镇建都电动车经营部
889,江苏省连云港市新浦区青年西路爱玛电动车,15051166888,连云港腾荣商贸有限公司
890,盐城市亭湖区长坝村6组工业园区,15950222222,盐城市锐腾贸易有限公司
891,江苏省盐城市大丰市人民北路20号爱玛专卖店,13805113478,大丰市雪峰电动车商行
892,江苏省盐城市建湖县向阳路南侧苏捷综合楼东向西第8间,15950348999,建湖县永顺摩托车销售有限公司
893,江苏省盐城市东台市东台范公北路8号,18752921688,东台百利商贸有限公司
894,江苏省盐城市射阳县振阳路11号楼7-8号门市,18761260000,射阳县合德镇杨志电动车门市
895,江苏省盐城市响水县长江西路,15189320888,滨海县东坎镇明华车业门市部
896,江苏省盐城市阜宁县富建大厦1楼144号爱玛专卖店,18094331999,阜宁县阜城大华电动车门市
897,江西省南昌市西湖区洪城路105号 爱玛电动车专卖店,13576277118,南昌经谱车业有限公司
898,江西省南昌市新建区长堎镇长征西路252号,18970860166,新建区老肖电动车店
899,江西省南昌市安义县沿河路蔚蓝嘉园A28号楼,13803532156,安义县袁桥车行
900,江西省南昌市进贤县进贤大道326号,17770081988,进贤洪明怀
901,江西省上饶市五三大道延伸段27号,13170992985,信州区爱玛电动车营业部
902,江西省上饶市上饶县旭日北大道222号,15870948711/15007034975,上饶县海洋电动车行
903,江西省上饶市广丰县光明路爱玛专卖店,13879328788,广丰县爱玛电动车店
904,江西省上饶市弋阳县弋江镇志敏大地道11号,15270391688,弋阳县戴氏车行
905,江西省上饶地区婺源县城南路金苑状元阁一号楼6-7号爱玛专卖店,13807931398/13317038776,婺源县长建电动车行
906,江西省余干县新建大街干越大道91-105号,13766482188,余干县学先电动车助力车专卖店
907,江西省上饶市玉山县山清大道爱玛电动车,13479355534,玉山县爱玛电动车经营部
908,江西省上饶市德兴市银城镇银城中路53号,13755347791,德兴市爱玛电动车专卖店
909,江西省上饶市铅山县古镇街,13970330677,上饶市铅山县王竹辉
910,江西省上饶市横峰县人民大道29号,13479361318/13576310725,横峰县爱玛店
911,江西省上饶市万年县万昌路48号,15179015646,万年县爱玛专卖店
912,江西省上饶市鄱阳县鄱阳镇人民北路35号,13687936555,鄱阳县鄱阳镇赵武电动车店
913,江西省抚州市临川区钧天小区,13979400428/13970419283,抚州市临川区发达车行
914,崇仁县巴山镇万盛商业街2号店,13767645080,崇仁县吉祥狮电动车经营店
915,江西省抚州市南城县九鼎建明家电超市,13767651666/999,南城县建明家电总店
916,江西省抚州市黎川县日峰路124路,15560299388/13707042298,江西省抚州市黎川县肖玲
917,江西省抚州市金溪县人民医院斜对面,13879461243,江西省抚州市金溪县王早琴
918,江西省抚州市广昌县沿江路,13979478885,广昌县力宝电动车行
919,江西省抚州市东乡县商贸城爱玛专卖,13767699096,江西省抚州市东乡县罗跃飞
920,江西省抚州市南丰县交通路爱玛电动车,15879811766,南丰县谭应根电动车销售店
921,江西省抚州市资溪县鹤城镇建设西路11号,13684849511,资溪县绿源电动车旗舰店
922,江西省抚州市乐安县商贸南大道农业局楼下,15979590889/15932988899,乐安县明发电动车商行
923,江西省鹰潭市余江县安仁大道D488号,13407017121/,余江县爱玛专卖店
924,江西省鹰潭贵溪市雄石中路146号,13870182558,贵溪市爱玛电动车专卖店
925,江西省鹰潭市正大南路95号,18907011550/13870007715,月湖区爱玛电动车店
926,江西省赣州市路通电动车超市,18970716216,赣州市德源车业有限公司
927,江西省赣州市石城县琴江镇西华中路36号,15807078686,石城县永发电动车行
928,江西省赣州市于都县贡江镇福田新村9栋,13517978459,于都县爱玛电动车商行
929,江西省赣州市宁都县梅江镇中山北路,13803574984,宁都县梅江镇振华电动车经营部
930,江西省赣州市南康市金赣大道金赣小区1号,18779748999/18779791299,南康区骁勇电动车商行
931,江西省赣州市赣县梅林镇赣新大道人大综合楼5-11号,13907970005,赣县骏元车行
932,江西省赣州市寻乌县岳家庄大道92号居委会1楼,13970132436,寻乌县建平电动摩托车销售有限公司
933,江西省赣州瑞金市绵水路安琪儿专卖,13879727365,瑞金市象湖镇云月晖车行
934,江西省赣州市会昌县县城水东延增街爱玛专卖,15907972333,江西省会昌县陈会兰
935,江西省赣州市兴国县城北街,13766325598,兴国县昌运电动车经营部
936,江西省赣州市信丰县嘉定镇南山西路中段,13097345218,信丰领先车行南山西路店
937,江西省吉安市泰和县工农兵大道,13517069261,泰和县新爱玛电动车店
938,江西省吉安市万安县凤凰路406号,13879695948,万安张慧勇
939,江西省吉安市吉州区滨江一期E栋3号,13576603337,吉安市吉州区爱心车行
940,江西省吉安市永丰县恩江镇迎宾大道41号,13979623252,永丰县顺达电动车行
941,江西省吉安市永新县茗园街,15279828898,永新县爱玛电动车
942,江西省吉安市吉安县庐陵大道爱玛专卖店,13879699764/15079633434,吉安县爱玛电动车店
943,江西省吉安市吉水县龙杂大道365号,13766298265,吉水县运金车行
944,江西省吉安市安福县金岸广场1楼12号,13576639858,安福县彭中华车行
945,江西省景德镇市马鞍山路爱玛专卖店,13879875995,珠山区爱玛电动车行
946,江西省乐平市聚龙广场火车站旁,13979818206,乐平市爱玛电动车销售中心
947,江西省新余市电动车一条街,13755558878,渝水区锦龙路清华祥龙电动车行
948,江西省萍乡市建设中路63号,13507999678,萍乡市安源区大豪江车行
949,江西省萍乡市莲花县康达路212,15579955688,莲花县爱玛电动车销售部
950,江西省萍乡市上栗县平安北路100号,13879987138,上栗县爱玛车行
951,江西省宜春市朝阳路四区A栋A1号,18970531111,宜春市云涛实业有限公司
952,江西省宜春市万载县阳乐大道,18979564022,万载县水生新能源电动车商行
953,江西省宜春市靖江县城中大街39号,13014483118,靖安县舒氏琪健车行
954,江西省宜春市高安市筠泉东路,13755878716,高安市蓝熠车业
955,江西省宜春市宜丰县城东南路625号爱玛电动车,13576558113,宜丰县爱玛电动车专卖店
956,江西省宜春市上高县敖山大道39号,13237958222,上高县刘海生电动车行
957,江西省樟树市药都北大道5-6号,13302864468,樟树市世邦电动摩托车行
958,江西省宜春市奉新县狮山大道铃木摩托专卖店,13507953331,奉新县英明车行
959,江西省宜春市丰城市河州摩托车市场商住楼35-38号,15879541269,丰城市发财车行
960,江西省九江市庐山路163号,13507029439,远通商行
961,江西省都昌县万里大道爱玛专卖店,15279248588,都昌县方明亮电动车行
962,江西省九江市永修县新城农民街财政局对面建昌摩托修配行,13320126666,永修县涂埠镇新城建昌摩托车电动车销售店
963,江西省九江瑞昌市人民南路24号,18970253111,瑞昌市可人电动车
964,江西省九江市德安县祥临居B11号,15170295158,德安县物流港火应电动车行
965,九江市武宁县建昌路45号,13979275306,武宁县朱氏电动车老浙车行
966,江西省九江市修水县城北老城头爱玛专卖,13479279606,修水县美丹电动车行
967,辽宁省营口市站前区一线检查院对面爱玛电动车,15141724946,营口市站前区海龙电动车商店
968,辽宁省营口市鲅鱼圈区万龙市场,13940747246,营口经济技术开发区汇丰电动车商店
969,辽宁省营口市大石桥市石桥管理区天富广场,13898219518,大石桥市利通电动车商店
970,辽宁省营口市鲅鱼圈区熊岳镇农行对过,13840715078,营口市鲅鱼圈区熊岳胜都电动车商行
971,辽宁省盖州市二线交通岗南150米道西,15841749988,盖州市佩君爱玛电动车商行
972,辽宁省大连瓦房店市大华（海尔对面）大宽街三段,15998419796,瓦房店市天盛爱玛电动车商店
973,辽宁省大连市金州区民政街155号新东方电动车行,15142455300,大连市金州区新东方电动车行
974,辽宁省大连市旅顺口区营顺路819-29号,13074125000,大连市旅顺口区鑫动力电动车行
975,辽宁省大连普兰店市中心路29-6号,18643435252,普兰店市亿诺特商行
976,辽宁省大连庄和市红岩路841号,15641156663,庄河市永兴自行车商店
977,辽宁省丹东市元宝区中富街3-6号,13354159888,丹东方信电动车销售有限公司
978,辽宁省丹东市宽甸县中心路新华书店对面爱玛电动车专卖店,15604153789,宽甸满族自治县城镇顺达五交化商店
979,辽宁省丹东东港市镇北街40号宏达车行,13704251666,东港市大东区宏顺车行
980,辽宁省丹东凤城市老窖酒厂对过加油站隔壁爱玛专卖店,18641552727,凤城市凤凰城经济管理区爱玛电动车专卖店
981,辽宁省本溪市桓仁县桓仁镇黎明街5组40栋8号,18641455656,桓仁爱玛电动车商行
982,辽宁省鞍山海城市中街路中街路三义街东门爱玛专卖店,15941221366,海城市海州区爱玛予电动车商行
983,辽宁省鞍山市台安县胜利路（北联营东）,13065426456,台安县东郊摩托城
984,辽宁省鞍山市铁东区二道街大华商业城,15241248455,鞍山市千山区政达摩托车商行
985,辽宁省盘锦市兴隆台区益天龙商厦西侧永发车行,13352380188,盘锦永发商贸有限公司
986,辽宁省沈阳市浑南新区古城紫镇施加寨仓储服务中心南安华货运院内19号库 ,13386831230,沈阳市沈河区金翔鹰电动车商行
987,辽宁省沈阳市康平县电动车一条街（老烧烤一条街）,13066628764,康平县康平镇鑫庆吉电动车商行
988,辽宁省沈阳新民市中兴西路兴隆百货西行100米,13842051996,新民市中远电动车厂
989,辽宁省沈阳市辽中县辽中镇商业街（卫生防疫站综合楼北数第三户）,13709888455,辽中县兴金龙摩托车商行
990,辽宁省沈阳市法库县法库镇边门街,13624027766,法库县法库镇万兴达电动车商店
991,辽宁省铁岭市调兵山市铁秀路工商局东500米雅马哈专卖店,13898222731,调兵山市鑫达摩托车销售商行
992,辽宁省铁岭市银州区文化路爱玛电动车,,铁岭市银州区大海电动车商店
993,辽宁省铁岭市昌图县昌图镇西街18组254栋1-1号（五金公司一楼）,13704908563,昌图县昌图镇世力摩托车商行
994,辽宁省铁岭市西丰县大通街道5号,18604906688,西丰县西丰镇新东奇车行
995,辽宁省开原市汽配城14号楼,13020396566,开原市鑫顺杰电动车商店
996,辽宁省沈阳市古城子镇施家寨安华物流院内21号,13386831230,抚顺市顺城区悦爱车行
997,辽宁省抚顺市新宾满族自治县新宾镇和平街,13841370707,新宾满族自治县新宾镇铭洋太阳能电动车商行
998,辽宁省辽阳市新华路三道街,13841928756,辽阳市白塔区顺发电动车行
999,辽宁省灯塔市站前街道繁荣街18号,15902493450,灯塔市鑫宏摩托车商行
1000,辽宁省阜新市海州区新华路1-109号,13841836658,阜新市海州区新宝电动车超市
1001,辽宁省阜新市彰武县解放大街爱玛专卖,15134020366,彰武县立新电动车商城
1002,辽宁省北镇市沟帮子镇沟广中大街124号,13904061399,北镇市沟帮子永文电动车行
1003,辽宁省锦州市古塔区解放路2段17-69号金派电动车自行车超市,18002403555,古塔区小风电动车商店
1004,辽宁省锦州市义县东街路北12-2号,13840620791,义县义州镇汇丰电动车商行
1005,辽宁省锦州市黑山县新立屯镇通川街,13190409118,黑山县新立屯新顺自行车商场
1006,辽宁省朝阳市双塔区友谊大街3段4-4号,13904211195,双塔区岳玛车行
1007,辽宁省凌源市南街爱玛电动车门市,15942116351/18842112255,凌源市宏图电动车门市
1008,辽宁省朝阳市喀左县大城子镇龙城摩托销售有限公司,13591884888,喀左县大城子镇龙跃电动车城
1009,辽宁省朝阳市建平县建达小区,18642189777/13591841002,建平县红山国徽电动车行
1010,辽宁省葫芦岛兴城市古城街爱玛专卖店,13898282555,兴城市爱玛电动车商店
1011,辽宁省葫芦岛市绥中县绥中镇胜达摩托车商场,13019985788,绥中县绥中镇世利达电动车商场
1012,辽宁省葫芦岛市连山区金秋宾馆西侧150米,15898208222,葫芦岛市连山区新华大街超月电动车商行
1013,内蒙古呼伦贝尔阿荣旗中央大街振宇自行车/电动车商城,18748478777,阿荣旗那吉镇振宇自行车商场
1014,内蒙古呼伦贝尔市鄂伦春自治旗大杨树镇,15047013999,鄂伦春自治旗大杨树镇浩大摩托车商场
1015,内蒙古省扎兰屯市中央南路新华书店一楼爱玛电动车,13948400032,扎兰屯市鑫玛电动车商店
1016,内蒙古呼伦贝尔市莫旗尼尔基镇转盘道西100米,13848073388,尼尔基镇老六电动车商行
1017,内蒙古省满洲里市扎区新华南路东明电动车商行,15048010888,满洲里市扎区永明电动车商场
1018,内蒙古呼伦贝尔市额尔古纳市拉布林蒙星花苑小区3号楼7号门市,15547086088,额尔古纳市拉布大林启明家电摩托车商城
1019,内蒙古呼伦贝尔市海拉尔区向华办西四道街粮贸综合楼9号,13947028828,海拉尔区海辆电动车商店
1020,内蒙古呼伦贝尔牙克石市中央街三道街温州城超越自行车行,15548042816,牙克石市超越自行车商店
1021,内蒙古省兴安盟乌兰浩特市复兴西街鑫敏电动车商行,15034800166,乌兰浩特市鑫敏电动车商行
1022,内蒙古兴安盟扎赉特旗三江百货道北,13847936261,扎赉特旗冬喜电动车行
1023,内蒙古兴安盟科尔沁右翼中旗巴镇金润28号,15344259778,科右中旗爱玛电动车行
1024,内蒙古兴安盟突泉县华丰街爱玛专卖店,13947485188,突泉县突泉镇东辰日杂商店
1025,内蒙古通省通辽市开鲁县开鲁镇和平街民族路27-9号,15750501991,开鲁县开鲁镇胜源爱玛电动车店
1026,内蒙古省霍林郭勒市明升小区9栋1号楼,13284889011,霍林郭勒超王自行车配件商店
1027,内蒙古通辽市科尔沁区交通路（批发西门观光大厦一楼）,13948651999,通辽市科尔沁区交通路佳和电动车商行
1028,内蒙古省通辽市奈曼旗大旗粮食局楼下奈曼大街3025号,15004900195,奈曼旗大镇爱玛电动车店
1029,内蒙古省赤峰市元宝山区平庄镇汽车站北走200米,13948685134,元宝山区朱艳平爱玛电动车行
1030,内蒙古省赤峰市红山区三中街,13948460111,赤峰市徐勇爱玛电动车行
1031,内蒙古赤峰市锦山镇桥头车行,13722066988,喀喇沁旗大桥头自行车行
1032,内蒙古赤峰市敖汉旗新惠镇新化路水利局西侧,13404894543,敖汉旗新惠爱玛电动车门市
1033,内蒙古赤峰市克什克腾旗爱玛专卖店,13789691904,克什克腾旗经棚镇爱玛电动车行
1034,内蒙古赤峰市宁城县县城爱玛专卖店,13947698766,宁城县爱玛车行
1035,内蒙古省集宁市四马路中段爱玛电动车旗舰店,18604743859,集宁区爱玛电动车门市部
1036,内蒙古乌兰察布丰镇市温洲街爱玛电动车专卖店,13789447674,丰镇爱玛电动车门市部
1037,内蒙古省乌兰察布市商都县福象电动车,13294749995,商都县福象电动车门市部
1038,内蒙古省乌兰察布市化德县知青路爱玛专卖店,15847401126,化德县建平爱玛电动车经销部
1039,内蒙古乌兰察布市兴和县兴胜市场,13847467632,兴和县薛建国爱玛电动车专卖店
1040,内蒙古凉城市凉城县城关镇安琪尔电动车,18604849966,凉城县爱秀电动车经销部
1041,内蒙古鄂尔多斯市鄂托克旗棋盘井镇工业园区,18947091515,鄂托克旗王平电动车批发部
1042,内蒙古鄂尔多斯市杭锦旗锡尼镇百灵路,15947176448,杭锦旗锡尼宇通摩托修配中心
1043,内蒙古鄂尔多斯市沙圪堵经济技术开发区迎宾路文兵摩托车销售部,13947742778,准格尔旗沙圪堵文兵摩托车销售部
1044,内蒙古准格尔旗薛家湾通达路,15134824666,准格尔旗爱玛电动车经销部
1045,内蒙古鄂尔多斯市乌审旗一马路邮政局对面,18648017518,乌审旗金俊爱玛电动车自行车经销部
1046,内蒙古省达拉特旗树林昭镇,13734876068,达拉特旗爱玛电动车专卖店
1047,鄂托克前旗敖镇三段地北路鑫悦小区面向东底商,15704866888,鄂托克前旗新福康摩托车修理部 
1048,内蒙古省东胜区达拉特北路粮食局底商爱玛专卖店,13019582229,东胜区刘霞爱玛电动车销售部
1049,内蒙包头市九原区沙河街富康小区8号店,13947257592,包头市九原区沙河镇永星车行
1050,内蒙古省包头市土默特右旗萨拉旗大南街中心岛南200米路东,15848831115,土默特右旗萨拉齐爱玛电动车门市部
1051,内蒙古省昆都仑区青年路爱玛专卖店,13789528293,昆区清延电动车行
1052,内蒙古省包头市青山区幸福路爱玛专卖,13947219809,青山区腾飞车行
1053,内蒙古省包头市东河区南门外大街10号,13015059298,包头市东河区万利车行
1054,内蒙古省乌海市海渤湾区人民南路五一商店外围爱玛专卖,15048325067,海勃湾鑫宇车行
1055,内蒙古省呼和浩特市玉泉区大北街,18947911717,新城区爱玛电动车经销部
1056,内蒙古巴彦淖尔盟临河区解放街新大东对面澳柯玛专卖店,13947826300/13634782633,临河区凯达电动车行
1057,内蒙古巴彦淖尔盟杭锦后旗陕坝镇二运底楼东7号,13948397849,杭锦后旗陕坝镇爱玛电动车店
1058,内蒙古省巴彦淖尔盟五原县隆兴昌东大街爱玛专卖店,15847810962,五原县爱玛电动车经营部
1059,内蒙古巴彦淖尔盟乌拉特中旗海流图镇祥龙车行,13947800192,乌拉特中旗祥龙车行
1060,内蒙古巴彦淖尔市乌拉特前旗乌拉山镇红卫北路,18604898881,乌拉特前旗乌拉山巨凤自行车大世界
1061,内蒙古巴彦淖尔盟磴口县巴镇东风路南公安局楼下,13204783995,磴口县腾飞车行
1062,内蒙古锡林浩特市镶黄旗爱玛专卖店,15947298653,镶黄旗爱玛电动车专卖店
1063,内蒙古锡林郭勒盟太仆寺旗宝昌镇建南西街,13654893267,太仆寺旗宝昌三利车业
1064,内蒙古省锡林浩特市正蓝旗第二中学东20米,15374892111,正蓝旗上都镇爱玛电动车专卖店
1065,内蒙古省锡林浩特市锡林大街杭盖路千喜龙苑商业楼,13084797984,锡林浩特市爱玛电动车专卖店
1066,内蒙古锡林郭勒盟多伦县向阳路爱玛电动车,15847913118,多伦县东方车业
1067,内蒙古阿拉善盟额济纳旗人民路爱玛专卖店,13948055096,额济纳旗万虎电动车行
1068,宁夏省石嘴山市大武口区文明北路隆兴商业广场A区,13709528118,大武口区横源电动车行
1069,宁夏省石嘴山市惠农区邮政路嘉园小区5号楼7号,18209522485,惠农区爱青电动车商行
1070,宁夏省吴忠市青铜峡市小坝古峡西街,13995358790,青铜峡市爱玛电动车经销部
1071,宁夏省固原市中山南路,13469541698,宁夏省固原市邵莉
1072,宁夏省中卫市鼓楼大街爱玛专卖店,15609554999,中卫市成丰商贸有限公司
1073,宁夏省中卫市中宁县西街影剧院爱玛电动车专卖店,15595153699,中宁县爱玛电动车销售维修部
1074,宁夏省中卫市海原县海城镇东环路,18152461999,海原县海城镇爱玛电动车行
1075,宁夏省银川市兴庆区建发家世界广场,18695303999,银川市宁捷商贸有限公司
1076,青海省西宁市七一路252号,13327651230,青海弛诺商贸有限公司
1077,山东省济南市历下区解放路121号,13906402350,济南圣达辉电动车有限公司
1078,山东省济南市长清区峰山路黄河商场东门北临爱玛专卖店,13305317355,济南市长清区爱玛电动车销售部
1079,山东省济南市济阳县城纬二路经四路路口东南角沿街楼,13791050868,济阳县百顺电动车商店
1080,山东省济南市平阴市黄河路中段路东小羚羊专卖店,13954195946,平阴县顺利家电经营部
1081,山东省济南市商河县商中路武装部队对过爱玛专卖店,13153020888,商河县富士达自行车商行
1082,山东省德州市经济开发区北方电动车批发市场/德城区解放中大道495号,15805346555,德州市德城区富达车行
1083,山东省德州市宁津县正阳路莲花超市对过新世纪车业有限公司,13573410982,宁津县新世纪摩托电动车超市
1084,山东省德州市夏津县新工街爱玛电动车专卖店,13105346888,夏津县爱玛电动车商行
1085,山东省德州市临邑县苍圣大街东首路南爱玛电动车,18753471678,临邑县万宝路电动车商场
1086,山东省德州市庆云县城区中心街859号,15953780908,庆云县奥蕾电动自行车销售中心
1087,山东省德州市齐河县齐鲁大街爱玛电动车专卖店,13625346363,齐河县振华车品配件商店
1088,山东省德州市禹城县物资局对面,13905449658,禹城市爱玛电动自行车专卖店
1089,山东省德州市乐陵市兴乐商厦（商业大厦）交通组,15953779492,乐陵市张健电动车销售处
1090,山东省胶州市胶州路与广州路十字路口东20米路北,13953253828,青岛金福吉祥商贸有限公司
1091,山东省莱西市威海中路,13791803288,莱西市小乔车行
1092,山东省青岛市黄岛区富春江路32号,13964847789/18974730012,青岛美越佳工贸有限公司
1093,山东省青岛市李沧区九水路39-5,18563918668,青岛市李沧区鑫银城摩托车销售中心
1094,山东省青岛市即墨市烟春路651号凌云摩托车公司,13906483535/15953226222,青岛颐祥摩托车销售有限公司
1095,山东省青岛市城阳区泽惠贸易中心B座29号,13905422179/13061215399,青岛泽惠爱玛电动车有限公司
1096,山东省青岛市平度市济南路中段爱玛专卖店,13573288999/13954292587,青岛市二郭摩托车销售有限公司
1097,山东省青岛市胶南市辛河街11号爱玛专卖店,13573287077/18653296268,青岛万达汽车销售有限公司
1098,山东省日照市莒县青年中路11号,13906332113,莒县全浩电动车经销中心
1099,山东省日照市五莲县罗山路28号,18906332626,日照凌云工贸有限公司五莲家电摩托车商场
1100,山东省日照市海曲中路23号大昌摩托城,13963338111/13806336926,日照新世纪工贸有限公司
1101,山东省烟台市芝罘大海阳路49号,13953566088,烟台港隆商贸有限公司
1102,山东省烟台市福山区福海路与县府街路口西南泰宏车行,15564566987,福山区城区泰宏平衡车商行
1103,山东省烟台市牟平区工商大街619号,18660095817,山东牟平农业机械有限责任公司
1104,山东省烟台市莱山区迎春大街宜丰商厦3区1号,13589778526,莱山区腾达摩托车商场
1105,山东省烟台市开发区鑫源大厦21号,13793586665,烟台开发区华信商行
1106,山东省烟台市莱阳市旌旗路221号红星交电商场,13780920567,莱阳市红星交电商场
1107,山东省烟台市招远市金城广场都市佳人电动车行,15053542222,招远豪诺商贸有限公司
1108,山东省烟台市蓬莱市东关路127号,13589898903,蓬莱市登州爱玛车行经销处
1109,山东省烟台市龙口市黄城劳动局南200米路东,13953561815,龙口市黄城德益电动车商店
1110,莱州市府东街49号爱玛电动车专卖店,15315169866,莱州市府东街顺达电动车商店
1111,山东省威海市高技术产业开发区颐顺园10-6号,13884798884,威海高技术产业开发区小付电动车行
1112,山东省威海市草庙子镇红绿灯南100米爱玛专卖店,18663102369,威海临港经济技术开发区草庙子镇修凤电动车超市
1113,山东省威海市工业高区初村镇驻地,13562147459,威海高技术产业开发区汇源家电摩托车商场
1114,山东省威海市文登市文山路58号长风摩托车销售有限公司,13276312988,文登市长风摩托车销售有限公司
1115,山东省威海市荣成南山北路72号三友实业有限公司,13406309288,荣成市三友实业有限责任公司
1116,山东省威海市乳山市青山路海峰摩托车城,18763130888,乳山市德通贸易有限公司
1117,山东省泰安市老汽车站对面春升大厦商贸有限公司,,泰安市春升商贸有限公司
1118,山东省泰安市新泰市新汶大街中段,,新泰市双龙经贸有限公司
1119,山东省临沂市兰山区工业大道与启,,临沂博美车业有限公司
1120,山东省临沂市苍山县南环路中段,,兰陵县成豪电动车经营部
1121,山东省临沂市莒南县城新建路南段,,山东省临沂市莒南县王维明
1122,山东省临沂市临沭县常林东大街9号,,山东省临沂市临沭县杨大建
1123,山东省临沂市费县费城镇建设路中段,,费县费城镇恒久摩托车经营部
1124,山东省临沂市平邑县老公安局路东,,平邑县鲁轻电动车经营部
1125,山东省临沂市沂南县花山路商贸大厦一楼,,沂南县爱玛电动车专卖店
1126,山东省临沂市蒙阴县新城路东段,,蒙阴县鸿源电动车销售中心
1127,山东省临沂市沂水县深化街9-2号爱玛专卖店,,沂水县大鑫电动车商店
1128,山东省泰安市宁阳县富源巷北门,,宁阳县建军车行
1129,山东省泰安市东平县东原公安局广场东爱玛专卖店,,东平县澳源车辆销售中心
1130,山东省泰安市肥城市上海路农机公司沿街楼爱玛专卖店,,肥城市顺通达摩托车行
1131,山东省潍坊市奎文区民生东街17号爱玛电动车专卖店,13280706706/13863631456,潍坊万恒车业销售有限公司
1132,山东省潍坊市安丘市一马路北关派出所对面爱玛专卖店,13869664828,安丘市龙骏电动车销售中心
1133,山东省潍坊市寿光市渤海路南纬摩托车商城,13589155840,寿光市仁爱电动车经营部
1134,山东省潍坊市诸城市广场路32号百顺商场自行车部,18553635888,诸城市宏利自行车经营部
1135,山东省潍坊市临朐县大转盘向东80米兴龙电动车,18366383666,临朐县隆德电动车商城
1136,山东省潍坊市昌邑县新兴街301号爱玛电动车,13791882111,昌邑市新兴街爱玛车行
1137,山东省潍坊市高密市立新街1318号爱玛专卖店,13864683613,高密市新宇电动车销售中心
1138,山东省潍坊市昌乐县京昌路228号,13021537557,昌乐金城摩托车有限公司
1139,山东省潍坊市青州市红光路口60米路南,15966172999/15615862777,青州市骏财电动车经营部
1140,山东省东营市东营区胶州路福前小区赵纪车行,13465261777,东营区东城赵鹏翔车行
1141,山东省东营市东营区西三路27号,18654627287,东营区福满园电动车经营部
1142,山东省东营市河口区中心路步行街爱玛电动车,13210348866,河口区步行街雁龙电动车大世界
1143,广饶县兵圣路166号,18954685727/13678611688,广饶县鑫钰摩托城
1144,山东省济宁市曲阜市静轩西路80号一层东首(城区),15376526123,曲阜市阳光车业
1145,山东省济宁市邹城县铁山路199号,13963728888,邹城市爱尚玛商贸有限公司
1146,山东省济宁市鱼台县鱼新一路爱玛专卖,13287278868,鱼台县鹿超摩托车销售有限公司
1147,山东省济宁市泗水县泗河办人民路中段,18754783999,泗水县泗河办文博电动车行
1148,山东省济宁市梁山县城青年路52号院内,13563700070,梁山县梁冠商贸有限公司
1149,山东省济宁市嘉祥县研兰中街100号,13012658886,济宁市毅润电动车有限公司
1150,山东省济宁市琵琶山路37号爱玛专卖店/运河路秀水城向南500米路东,13639435077,济宁市天波商贸有限公司
1151,"山东省济宁市兖州区中御桥路29号 
",15963730999,济宁市兖州区恒大摩托车销售有限公司
1152,山东省济宁市汶上县老百货大楼,13854773128,汶上县启动爱玛电动车经营部
1153,山东省枣庄市文化中路32号,13563288066,枣庄市市中区爱玛电动车专卖店
1154,滕州市平行路今孔府向南5-10号爱玛旗舰店,18266061111,滕州市荆河恒丰车行
1155,山东省济宁市微山县城后路65号,13176037777,微山县夏镇汇欣电动车行
1156,山东省枣庄市薛城区临山路357-5号,15589278666,薛城区富王摩配经营部
1157,山东省枣庄市台儿庄区兴中路爱玛专卖店,15263202222,台儿庄区兴中路德峰电动车商行
1158,山东省淄博市张店区东四路44号外贸仓库-杨京军,18606382518,淄博骑无忧车业有限公司
1159,山东省淄博市博山区沿河东路22号光明摩托车有限公司,13953343088,博山城东鑫明摩托车销售部
1160,山东省淄博市淄川吉祥路169号,15153333519,淄川般阳金赢电动车经营部
1161,山东省淄博市临淄区牛山路235号甲2,13853382168,临淄区雪宫比德文电动车店
1162,山东省淄博市高青县汽车站往北100米,15589339338/15564452777,高青县中心路吸引力电动车超市
1163,山东省淄博市沂源县居家城中心街南麻东和电动车,13508951253/18505335818,沂源县南麻东和电动车行
1164,山东省淄博市桓台县商业街（百货大楼向东100米路南）,15153368836,桓台县索镇超越电动车销售中心
1165,山东省滨州市黄河2路爱玛电动车专卖店,18663099999,滨州市滨城区新世纪电动车销售中心
1166,山东省滨州市无棣县棣新一路235号,15254380996,无棣县益德电动车销售中心
1167,山东省滨州市沾化县县城沿河路北首,13792272618,沾化吉祥商贸有限公司
1168,山东省滨州市邹平县东升商场爱玛电动车专卖店,13589420566/13754651999,邹平新世界摩托车销售中心
1169,山东省滨州市惠民县城东门街林业局一楼,13405437875,惠民县孙武镇爱玛电动车专卖店
1170,山东省滨州市阳信县幸福1路821号,13605435636,阳信县信城奥斯电动车专卖店
1171,山东省莱芜市汶河大道秀水佳园爱玛电动车专卖店,15606347222,莱芜市万国环宇商贸有限公司
1172,山东省聊城市利民东路15号,13793084444,聊城市东昌府区军豪电动车商行
1173,山东省聊城市莘县新华路北首,13306357212,莘县鲁轻电动车门市部
1174,山东省聊城市高唐县恒冠物流园2号仓库,13287553678,高唐县合力车行
1175,山东省聊城市临清县永清路中段,13210462294,临清市永清路爱玛电动车专卖店
1176,山东省聊城市茌平县汇鑫路王庄村,13563031688,茌平县王建车行
1177,山东省聊城市冠县清泉建设路120号,13906358292,冠县飞达电动车商行
1178,山东省聊城市阳谷县狮子楼路100米路东,15192175555,阳谷县狮子楼路爱华电动车经销部
1179,山东省菏泽市巨野县前进路中段新世纪车业,15020549999,巨野县新世纪精品车行
1180,山东省菏泽市郓城县西门街十八中南80米路东,18053021998,郓城县新世纪爱玛电动车行
1181,山东省菏泽市鄄城县鄄三路建行南,13793032008,鄄城县爱玛电动车经营部
1182,山东省菏泽市东明县五四路中段,13561306698,东明县爱玛电动车商行
1183,山东省菏泽市曹县李家林路口东爱玛专卖店,15265009980,曹县磐石办事处明升电动车门市部
1184,山东省菏泽市定陶县南大街范蠡商场向东100米,13954097726,菏泽市定陶区盛岚电动车行
1185,山东省菏泽市成武县大医院东段路新大街爱玛专卖,15153028111,成武县文涛电动车销售服务中心
1186,山东省菏泽市单县西环胜利西路398号爱玛专卖,15562751299,单县爱玛电动车专卖店
1187,太原市杏花岭区凯旋街口东峰碳素有限公司院内,13700514716,太原市杏花岭区宏大诚福商行
1188,山西省吕梁市文水县城东大街17号,13593418884,文水县凌志家电经营部
1189,山西省吕梁市临县城内太和北路（工农街）,15935854899,临县福瑞商行
1190,山西省吕梁市孝义市新义西街,135033583651,孝义市利军车行
1191,山西省吕梁市交城县新开北路,13994826606,交城县天宁凯达自行车经销部
1192,汾阳市南关南薰街爱玛电动车专卖店,18635877112,汾阳市隆昌自行车家俱店
1193,山西省离石区众爱电动车商行,13934153068,吕梁市离石区众爱电动车商行
1194,山西省吕梁市兴县西关爱玛专卖店,15834230166,兴县爱玛门市部
1195,山西省吕梁市中阳县凤城南街,13753809890,中阳县彦文摩托配件门市部
1196,山西省吕梁市柳林县柳林镇青龙银源对面,13935830090,柳林县鸿运车行
1197,山西省吕梁市岚县县城民觉社区秀容街运管所对面,15235807703,岚县爱玛电动专卖店
1198,山西省晋中市太谷县新建路35号爱玛电动车,13663645749,太谷县荣军车行
1199,山西省晋中市平遥县顺城路85号,13935422285,平遥县顺城路瑜晨捷电动车经销部
1200,山西省晋中市和顺县新和路61号,13513681366,和顺县李卫东车行
1201,山西省晋中市榆社县迎春北路42号,13935431418,榆社县爱美电动车
1202,山西省晋中市寿阳县朝阳街（日光大道）,13834080538,寿阳县立新摩托车行
1203,山西省晋中市左权县辽山路彩印商厦院内,13509746444,左权县海燕电动车经销部
1204,山西省晋中市灵石县翠峰镇百隆商城后院,13994585699,灵石县翠峰镇卫红自行车销售部
1205,山西省晋中市昔阳县城外环路（留庄村沿街商铺A段）,13466886898,昔阳县亨通车行
1206,山西省晋中市祁县新建南路162号五交化公司,15935457736,祁县飞龙车行
1207,山西省晋中市介休市新建西路火车站东88米,13994566321,介休市城区恩泰车行
1208,山西省晋中市榆次县花园路19-21号,13593063498,榆次聚鑫五交化经销部
1209,山西省长治市英雄南路42号,18835585888,长治市城区效方阳光自行车店
1210,山西省长治市沁源县沁河镇齐泉街常青市场东5排5号,13111254135,沁源县沁河镇利民电动车门市
1211,山西省长治市襄垣县西街188号爱玛专卖店,15835152218,襄垣县爱玛电动车专卖店
1212,山西省长治市沁县定昌镇人民路105号,13133256363,沁县二飞电动车专卖店
1213,山西省长治市长子县丹朱街鑫威超市对面,13834290366,长子县双慧电动车经销部
1214,山西省晋城市新市西街爱玛专卖,18635685689,晋城市城区必祥爱玛大阳电动车店
1215,山西省晋城市沁水县新街西路地税局对面爱玛专卖店,13835699099,沁水县龙港镇江红电动自行车门市部
1216,山西省临汾市翼城县八一区路口,13935736405,翼城县牡丹自行车经销部
1217,山西省侯马市侯马经济开发区天河电子城D区,13835775182,侯马经济开发区随利电动车经销部
1218,山西省临汾市广宣街五交化中心市场爱玛专卖店（收货地址：山西临汾尧都区屯里镇西芦村口塞克库房）,18903571000,临汾市尧都区军洁自行车经销部
1219,山西省运城市盐湖区红旗西街610号(烈士陵园对面）,15235989998,山西隆得利商贸有限公司 
1220,山西省运城市永济市迎新路家电市场爱玛专卖,18635965338,永济市城区鑫兴商场
1221,山西省运城市绛县县城振兴街爱玛专卖店,15536286899,绛县古绛镇天地电动车超市
1222,山西省临猗县双塔南路交通局楼下,13934896275,临猗县东城钱波电动车销售店
1223,山西省运城市新绛县职工医院对面,13994870618,新绛县城镇建会电动车经销部
1224,山西省运城市河津市莲池路爱玛专卖店,13835943688,河津市思必得贸易有限责任公司
1225,山西省运城市稷山县县城爱玛专卖,13834728222,稷山县稷峰福英电动车门市部
1226,山西省运城市万荣县农民街爱玛专卖,13633592307,万荣县城镇飞龙摩托经销部
1227,山西省沂州市定襄县晋昌镇城内村,13935026598,定襄县美华电动自行车经销部
1228,山西省忻州市河曲县文笔镇同德商城院内,15835071798,河曲县利达电动车经销店
1229,山西省忻州市五寨县迎宾西街,13935088278,五寨县爱玛电动车
1230,山西省忻州市保德县东关镇滨河路,13935096426,保德县韩新存摩托经销部
1231,山西省忻州市五台县城供销街,18636011988,五台县城爱玛电动车销售部
1232,山西省忻州市新建南路邦德电动车大世界,18635011548,忻州市忻府区邦德电动车大世界
1233,山西省阳泉市平定县东大街体育场斜对面爱玛专卖店,13365353322,平定县恒捷电动车行
1234,山西省阳泉市盂县秀水东街,13994505790,盂县秀水东街万金电动车经销部
1235,山西省阳泉市城区南庄路五号桥爱玛专卖店,186353226518,阳泉市城区城承车行
1236,山西省大同市大北街北泰楼7号,13603526230,大同市城区泰达祥电动车行
1237,山西省大同市广灵县新建路中段爱玛专卖,13753212999,广灵县百顺车行
1238,山西省大同市阳高县大西街南口1号爱玛专卖店,13096590966,阳高县雲华电动车门市
1239,山西省大同市灵丘县新华东街,13994410706,灵丘县兄弟车行
1240,大同市山西省大同市左云县云兴镇南街钱家巷口南,13191228240,左云县强劲电动车经销部
1241,山西省大同市浑源县西大街爱玛专卖,13934765188,浑源县爱玛电动车经销部
1242,山西省大同市天镇县南街,15034209923,天镇县玉泉镇鑫飞车城
1243,山西省朔州市开发南路,15534907777,朔州市朔城区天亿自行车经销部
1244,山西省朔州市怀仁县仁里路,18635693278,怀仁县宝马电器超市
1245,山西省朔州市右玉县新城镇玉林东街柳影巷口,13934940667,右玉县鑫誉摩托车销售部
1246,山西省朔州市山阴县火车站立交桥下闫家巷口,13934422888,山阴县爱玛电动车销售部
1247,山西省朔州市平鲁区西二环路爱玛专卖店,18635692828,朔州市平鲁区爱玛电动车经销部
1248,山西省朔州市应县新建西路3号,13934949155,应县仁跃家电有限公司
1249,山西省忻州原平市京原南路,13834498909/13835027617,原平市原平瑞强电动车经销部
1250,山西省忻州市繁峙县一道街鼓楼东150米,13835004028,繁峙县繁城镇步阳电动车门市
1251,山西省忻州市繁峙县砂河镇富民路,18295897779,繁峙县砂河镇鸿源车行
1252,山西省忻州市代县世纪春超市,13753003109,代县爱玛电动车
1253,陕西省西安市碑林区伞塔路电动车市场,13060412886,西安市碑林区明行足车行
1254,陕西省西安市周至县哑柏镇永定东路农业银行对面,15991669809,周至县哑柏镇姚建卫电动车行
1255,陕西省西安市高陵县马家湾店子王村爱玛专卖店,15929566012,高陵县飞越电动车经销部
1256,陕西省渭南市华县西关综合市场,13335341595,华县惠佳车行
1257,陕西省渭南市合阳县城金水路金塔车城,18700398170,合阳县瑷玛电动车销售店
1258,陕西省渭南市临渭区东风大街商业一条街,13992367616,临渭区亚旦电动车行
1259,陕西省渭南市大荔县西环路11号,13679234667,大荔县李宁车行
1260,陕西省渭南市华阴市老城街爱玛电动车专卖店,15389375444,华阴市若瑄车行
1261,陕西省渭南市白水县四马路刘军车行,13572385406,白水县刘军电动车专业维修
1262,陕西省渭南市澄城县正街九路口什子东南角,15291301115,澄城县县城爱玛电动车专卖店
1263,陕西省渭南市富平县车站大街西段,13892521907,富平县张佰利车行
1264,陕西省渭南市蒲城县迎宾中路中段,15291300933,蒲城县泛达自行车行
1265,陕西省商洛市商州区北新街东段18号,15991402817/15295400560,商洛市商州区宇恒摩托车行
1266,陕西省商洛市山阳县干沟口十字,18091416858,山阳县亿源车行
1267,陕西省商洛市丹凤县南风街西段,13239146207,丹凤县绿源电动车专卖店
1268,陕西省宝鸡市凤翔县南环路西段爱玛专卖店,15591743972,凤翔县南环路安达车行
1269,陕西省宝鸡市扶风县新区南大街妇幼保健医院北,13629171231,扶风县爱玛电动车经销点
1270,陕西省宝鸡市千阳县东大街37号,13891716646,千阳县小林摩托修理部
1271,陕西省宝鸡市岐山县五丈原镇蔡五路,13669170289,岐山县五丈原镇拉平车行
1272,陕西省宝鸡市眉县首善镇平阳街东段南排,13636823307,眉县首善镇鑫泰摩托车行
1273,陕西省宝鸡市陇县河滨东路,13891739304,陇县旭日车行
1274,陕西省宝鸡市金台区东风路付15号,18791703321,宝鸡新远航商贸有限公司
1275,陕西省宝鸡市岐山县城岐之蔡路口,15291735721,岐山县张欣摩托修配中心
1276,陕西省宝鸡市陈仓区虢镇西关家美佳超市广场东侧,13571718889,宝鸡市陈仓区车站小丽电动车销售部
1277,陕西省安康市汉滨区西大街爱玛专卖店,13629156299,安康市汉滨区聚成车行
1278,陕西省安康市旬阳县城关镇上渡口工业品公司一楼,18891858582,旬阳县城关镇汇龙车行
1279,陕西省安康市平利县城关镇新正街东四路,13891535938,平利县城关镇爱玛电动车专卖店
1280,陕西省汉中市汉台区虎桥路,18009161972,汉中凯旋商贸有限责任公司
1281,陕西省汉中市西乡县汉白路东段74号,13700263002,西乡县李华摩托车商行
1282,陕西省汉中市汉台区铺镇骐扬车行,13186300236,汉台区铺镇骐扬车行
1283,陕西省汉中市南郑县大河坎镇东大街滨江苑小区一期,13319163256,南郑县大河坎镇非凡车行
1284,陕西省汉中市洋县文明西路爱玛专卖店,13891645603,洋县爱玛电动车行
1285,陕西省汉中市城固县西环二路南段,13093908685,城固县爱玛车行
1286,陕西省咸阳市泾阳县金柳村爱玛专卖店,13891009113,泾阳县城关李辉电动车店
1287,陕西省咸阳市彬县东大街64号,13991010074,彬县城关中平电动车行
1288,陕西省咸阳市礼泉县劳动路西段,13892936137,礼泉城关嘉陵电动自行车行
1289,陕西省咸阳市茂陵镇西郭摩托电动车行,13759701456,咸阳市秦都区鑫博阳电动车经销部
1290,陕西省咸阳市秦都区陈杨寨转盘西南角,18149101160,西咸新区沣西新城权氏电动车行
1291,陕西省咸阳市渭城区乐育北路7号,13060412886,咸阳市渭城区旭东电动车行
1292,陕西省咸阳市武功县普集镇邰城北路,15596789669,武功县爱玛电动车行
1293,陕西省咸阳市长武县宜禄街,13892923315,长武县和信车行
1294,陕西省咸阳市兴平县爱玛专卖店,13379527899,兴平市致远车行
1295,陕西省咸阳市乾县东环北路大伟车行,13484404451,乾县城关爱玛电动车销售部
1296,陕西省铜川市耀州区锦阳路中段45号,13772792704,铜川市耀州区飞越车行 
1297,陕西省延安市宝塔区长青路外贸加工厂对面,13119210550,陕西省延安市贺宏军
1298,陕西省延安市子长县安定东路,18821671125,子长县万里顺摩托服务总汇
1299,陕西省榆林市定边县二道东街29号,13891290029,定边县定边镇爱玛电动车行
1300,陕西省榆林市米脂县九龙花园一楼门面房,15332580887,米脂县爱玛电动车经销部
1301,陕西省榆林市靖边县张家畔镇东环路,13109687733,靖边县运隆商贸有限公司
1302,陕西省榆林市榆阳区文化南路八排五号,13772907757,榆林市榆阳区助力车专卖店
1303,陕西省榆林市神木县东兴街道巡警队楼下,13038944911,神木县明利摩托销售店
1304,上海市青浦区外青松公路3995弄26-7号,13524273005,上海智杞电动车有限公司
1305,四川省成都市双流县空港四路598号,13708201758,四川爱玛科技有限公司
1306,四川省南充市顺庆区人民南路11幢1层16号,15181700444,南充市顺庆区周氏商贸有限公司
1307,四川省南充市西充县晋城镇晋城大道四段202号,13778199346,西充县仕维车行
1308,四川省万源市太平镇河西锦苑政务中心一楼,13908246300,万源市长鲨商贸有限公司
1309,四川省绵阳市高新区永兴镇,13550822983,绵阳创世纪车业有限公司
1310,四川省广元市旺苍县东河镇环城中路,13881272076,旺苍县德利车行
1311,四川省德阳市什邡市雍城西路22号,15892476423,什邡市城市脉搏商贸有限公司
1312,四川省宜宾市南溪区大观镇中心路245号,18980391180,宜宾市南溪区大观镇阿杰车行
1313,四川省宜宾市南溪区北大街区大街223号,15883188169,宜宾市南溪区永盛车行
1314,四川省合江县合江镇百花亭居委商业街13号楼门市,13388295967,四川省泸州市合江县李龙煌
1315,四川省资阳市安岳县岳阳镇北大街166号 168号,13550688799,安岳县奇特车行
1316,四川省雅安市荥经县康宁路西二段74号,13881648455,荥经县中意摩托车行
1317,四川省雅安市天全县安居北路16号,13888601067,天全县爱玛电动车
1318,四川省雅安市石棉县滨河路一段191号,13795860005,石棉县天隆车行
1319,四川省汉源县富林镇黎州大道二段99-109号,13378385889,汉源县冲冲电器电动车行
1320,四川省攀枝花市仁和区攀枝花大道南段555-559号,13198600005,攀枝花市金宸商贸有限责任公司
1321,四川省盐源县金果路62号,15884001359,四川省盐源县谢用东
1322,四川省凉山会理县顺城东路160-166号,13981559390,会理县富鑫商贸有限责任公司
1323,四川省凉山会东县鯵鱼河三鑫路南段161号,15583480201,会东县爱玛电动车行
1324,四川省德昌县德州镇凤凰大道西段,18981595458,德昌县红运车行
1325,四川省成都市龙泉驿区大面街道安置小区68号,15328077740,    龙泉驿区大面街道徐源车行
1326,四川省成都市锦江区琉三路73号启明家园1栋6号,13880031838,锦江区一大电动车行
1327,宜宾县二二翠柏大道146号,0831-5805179,宜宾县柏溪镇宝源车行
1328,天津市北辰天穆工业园天盈4支路9号,13920118521,天津市北辰区俊盈电动自行车经营部
1329,天津市静海区东方红路爱玛电动车专卖店,13821577800,天津市兴和伟业商贸有限公司
1330,天津市北辰区双街爱玛专卖店,13299967312,天津市恒荣五金交电销售中心
1331,天津市北辰区双口镇,13820899360,天津市北辰区塔昶电动自行车销售中心
1332,天津市杨村镇振华西道泉州路市场南门东200米,15602007739,天津市华丙电动自行车销售中心
1333,天津市宁河县潘庄镇,18002188777,天津市华诚伟业科技有限公司
1334,天津市汉沽区文化街汉华底商154号双鑫桥科技有限公司,13821532650,天津市双鑫桥科技有限公司
1335,天津市大港永明路福佳车行、爱玛电动车,13072298603,天津市滨海新区大港福佳车行
1336,天津市大港油田3号院花园路372号,13920708103,天津市滨海新区大港路宝通电动自行车商行
1337,天津市蓟县四正街爱玛专卖店,13032234578,天津市蓟县安道电动自行车店
1338,天津市蓟县上仓镇沧桑路西行100米路南,13323306110,天津市蓟县福田家兴电动车商行
1339,天津市蓟县邦均镇爱玛电动车专卖,13902163965,天津市蓟县张乾坤电动车商行
1340,天津市塘沽向阳西支路东风里底商59号爱玛专卖,13920951929,天津市滨海新区塘沽伟爱电动车商行
1341,天津市西青区杨柳青柳青商厦A座11号,13920932122,天津市西青区姜华自行车商行
1342,天津市津南区葛沽镇福泊园5号府商,13920833882,天津市津南区乾丰聚泰电动自行车经营部
1343,天津市津南区咸水沽镇爱玛专卖店,18526395800,天津市静海区盛古电动自行车销售中心
1344,天津市津南区双港镇梅河湾村九龙街东侧争光楼底商3号,13602192098,天津市津南区双港镇刘文健
1345,天津市东丽区津塘路203号,15602122149,天津市东丽区金庆鑫瑞电动车商行
1346,西藏拉萨市林廓西路广电厅商品房,13659564230,昌元车业
1347,浙江湖州织里镇公园路35号爱玛电动车,15657136550,湖州织里志良电瓶车商行
1348,浙江省湖州市双林镇虹凤南路12号,13587234488,南浔爱忠电动车商行
1349,浙江省湖州市德清县新市镇西兴街61、63、65号,18657210118,德清县新市镇虎亮电动车商行
1350,浙江省湖州市安吉县浦源大道415号爱玛专卖店,13395822298,安吉爱玛电动车商行
1351,浙江省湖州市德清县武康镇千秋街330-334号再铭电动车商行,13355821910,德清武康再铭电动车商行
1352,浙江省湖州市南街376、378号,13362216595,吴兴美满车行
1353,浙江省湖州市长兴县仓泉街88号爱玛专卖店,13868252186,长兴雉城超凡车行
1354,浙江省嘉兴市禾兴南路251号,13736861911,嘉兴市名洋汽车销售服务有限公司
1355,浙江省嘉兴市秀洲区王江泾镇木林森嘉兴国际商贸城A1-06号,13511325855,嘉兴市秀洲区王江泾光明摩配商店
1356,浙江省嘉兴市洪合镇民和口路498号,13221319689,嘉兴市秀洲区洪合永诚电动车修理部
1357,浙江省嘉兴市秀洲区新塍镇蓬莱路868号,13736852591,嘉兴市新塍阿刚摩托车修理部
1358,浙江省嘉兴市嘉善县解放路276号,13067650007,嘉善县魏塘镇佳悦车行
1359,浙江省嘉兴市平湖市当湖东路97-103号当湖新捷达贸易商行,15381225188,平湖市当湖新捷达贸易商行
1360,海宁县海州街道文苑路396号,13586359990,海宁市新时代摩托车有限公司硖石分公司
1361,浙江省嘉兴市桐乡市学前路198号绿源电动车大卖场,13819303707,桐乡市心源电动车大卖场
1362,浙江省海盐县朝阳西路174-178号,18768346895,海盐县武原宇胜车行
1363,浙江省杭州市拱墅区三墩路29号2.3.4.5幢,13666651189,杭州路顺电动车有限公司
1364,浙江省杭州市萧山区城街街道萧绕路946号,13819587922,杭州萧山城厢豪玛电动车商行
1365,浙江省杭州市淳安县千岛湖镇新安北路72号,13750808543,淳安县千岛湖镇为众电动车店
1366,浙江省杭州市淳安县汾口镇武强路,13216183099,淳安县汾口百信摩托车行
1367,浙江省杭州市富阳市富春街道桂花西路183-5号,18658112865,杭州富阳捷源车业有限公司
1368,浙江省杭州市临安市锦城街道临天路331号,13968031788/13395817688,临安锦城刘云峰摩托车修理部
1369,浙江省杭州市桐庐县富春江镇七里垅大街327号,15078279500/13588215665,桐庐县桐君街道连华电动车商行
1370,浙江省杭州市建德市新安江街道严州路山水华庭34号,15858166882,建德市新安江街道天彬摩托车修配店
1371,浙江省绍兴市柯桥区杨汛桥镇孙家桥居委会,13957563798,绍兴市柯桥区杨汛桥恒兴机电经营部
1372,浙江省上绍兴市新昌县南明街道鼓山中路185号,13675749266,新昌县南明街道爱玛摩托车经营部
1373,"嵊州市三江街道一景路2号时代商务广场5,6,7号",15868115316,嵊州市裘飞翔电动车商行
1374,浙江省绍兴市上虞市新建路111号,15857530066,上虞市百官街道新生代车行
1375,浙江省金华市永康市九铃东路3235号,13858909785,永康市东城佳捷时电动车经营部
1376,浙江省金华市武义县温泉路锦绣街8-9号,13305795698,武义县正日贸易有限公司
1377,浙江省浦江县黄宅镇望江路32号,15988553241,浦江县宜龙电瓶车车行
1378,浙江省金华市浦江县和平南路44号,13868913732,浦江县伟东车行
1379,浙江省金华市义乌市城中中路3号,13567617587,义乌市天鹰电动车有限公司
1380,浙江省金华市东阳市中山路5号,15167907293,东阳市甘树明电动车行
1381,浙江省衢州市龙游市人民路22号,13515705200,龙游双马车行
1382,浙江省江山市清湖镇和睦村平塔山201号,15924064889,江山市东俊电动车商行
1383,衢州市柯城区衢化学院路378号,15857089873,浙江省衢州市巨化镇傅小峰
1384,浙江省衢州市常山县文峰东路37号,13567072549,常山县铃峰摩托车有限公司
1385,浙江省宁波市江北区庄桥街道东邵村薛家桥庄老火车站大榭开发区绿源电动车销售有限公司,13905742766,宁波云尚电动科技有限公司
1386,浙江省宁波市宁海县跃龙街人民大道300号,13738840999,宁海县阿龙电动自行车店
1387,浙江省宁波市慈溪市浒山街道车城46、47、52、53号,15968980044,慈溪市浒山幼萍助动自行车店
1388,浙江省宁波市余姚市阳明街道阳明西路630号,13705842246,余姚市绿骐电动车店
1389,宁波市象山县石浦镇火炉头路218号,17858288079,象山石浦志能电瓶车经营部
1390,浙江省宁波奉化市南山路23号,13805833282,宁波奉化丰舆车业有限公司
1391,浙江省宁波市象山县丹峰西路23-2号,13858388035,象山丹城盛建电动车商行
1392,浙江省舟山市普陀区勾山街道勾山街72号,13758021783,舟山市新城朱洋车行
1393,浙江省舟山市普陀区沈家门街道东海中路56号,18606806628,浙江省舟山市普陀区张财玲
1394,浙江省舟山市岱山县高亭镇沿港西路103号,13306800429,浙江省舟山市岱山县王铭
1395,浙江省台州市黄岩区华东汽摩城爱玛专卖店,13736591128,台州市黄岩久新电动车商行
1396,浙江省台州市椒江区云西路61号,13396918351,台州市椒江阿江电动车商行
1397,浙江台州市三门县新兴街35号,15867673458,三门县海光电瓶车经营部
1398,浙江省台州市玉环县榴岛大道127-129号,13906548219,玉环县爱玛电动自行车商行
1399,浙江省台州市仙居县城北西路32号,18958572000,仙居县中意摩托车商店
1400,浙江省台州市天台县上清溪路202号,18958633186,天台县卫强电动车商店
1401,台州市路桥区里王路131号,18858682878,台州市路桥银聚来助动车商行
1402,浙江省临海市柏叶西路19号,18957658669,浙江省临海市李建
1403,浙江省台州市临海市杜桥镇环城南路291号,13058791842,临海市许辉电动车商行
1404,浙江省温州市鹿城区锦绣路丰收新村4栋102号,13505775089,温州市鹿城区小南绿驹电动自行车店
1405,浙江省温州市瓯海区104国道慈湖段150号,18968883999,温州市鹿城区双屿阿文电动车店
1406,浙江省温州市平阳县昆阳镇平瑞路464-470号,13868570834,平阳县业鸿摩托车配件经营部
1407,浙江省温州市文成县大峃镇建设路200号,15257758587,文成县鑫龙电动车有限公司
1408,浙江省温州市瑞安市玉海街道解放东路,18806599666,瑞安市迅豪摩托车行
1409,浙江瑞安市湖岭镇湖松路28号,13486701358,瑞安市湖岭镇苏立敬
1410,浙江省温州市永嘉县桥下镇西溪中路55号,13777714112,永嘉县桥下镇朋光自行车修理店
1411,浙江省温州市永嘉县上塘镇换成西路59号,15958790375,永嘉县城关宏达自行车店
1412,浙江省温州市龙湾区永兴街道永强大道4046号,13175690620,温州市龙湾永兴琼洁电动自行车店
1413,浙江省温州市乐清市柳市镇育英北路118号,13968970581,乐清市柳市黎军二轮电瓶车商行
1414,浙江省温州市乐清市北白象镇交通东路197-199号,15967776336,乐清市北白象极速车行
1415,浙江省温州市泰顺县罗阳镇泰分路32号,13606879178,泰顺县顺宏摩托车经营部
1416,浙江省温州高新技术产业开发区温州大道822号,13587885055,温州高新技术产业开发区如意电瓶车行
1417,浙江省丽水市缙云县壶镇镇溪西大街122号101,13695788939,缙云县壶镇镇玖玖电动车行
1418,浙江省丽水市水阁镇上桥浙南玻璃有限公司（遂松路280-4）,15925784992,丽水市小高电动车店
1419,浙江省丽水市云和县元和街道新建南路150、152号,18274282101,云和县顺安电动车商行
1420,浙江省丽水市遂昌县妙高街道公园路168、170号,13857043018,遂昌姐妹电动车行
1421,浙江省丽水市缙云县五云街道电力路82号,18667091955,缙云县顺达电动车经营部
1422,浙江省龙泉市公园路158号,13567603488,龙泉市吴利兴电动车行
1423,浙江省丽水市松阳县车站路13号,13967077181,浙江省丽水市松阳县周仙青
1424,浙江丽水市莲都区解放街528号,13957072288,丽水市老谢电动车商行
1425,浙江省丽水市景宁县红星街道鹤溪中路41号,13884391808,景宁老叶车行
1426,新疆省库尔勒市团结路联通公司底商爱玛电动车专卖店,15099229286,巴州文泽商贸有限公司
1427,新疆省巴音郭楞蒙古自治州和硕县绿源电动车行,13899086978,和硕县绿源电动车行
1428,新疆阿克苏地区库车县步行街广场,13319788712,库车县比德文电动车专卖店
1429,新疆省阿克苏市沙雅县爱玛专卖店,15899379997,沙雅爱玛电动车商行
1430,新疆阿克苏市中原路4-10A号,13899273988,阿克苏市君杰电动车车行
1431,新疆省哈密市广东路爱玛专卖店,13364931951,哈密市广东路爱玛电动车经销部
1432,新疆省哈密市三道岭矿区建安路爱玛专卖,13779365502,哈密三道岭顺达车行
1433,新疆省和田市北京东路11号爱玛专卖店,13779190559,和田市金信车行
1434,新疆省博尔自治洲博乐市爱玛专卖店,13319711262,博乐市爱玛电动车专卖店
1435,新疆省喀什市远方市场爱玛专卖店,13279889666,喀什市北辰电动车销售中心
1436,新疆省乌鲁木齐市长春路美居物流园L座户外运动市场爱玛专卖店,13609923746,乌鲁木齐高新技术产业开发区爱玛车业
1437,新疆维吾尔自治区伊犁哈萨克自治州奎屯市乌鲁木齐路28-3号赛特名品广场,13565574191,奎屯飞鹰自行车店
1438,新疆省吐鲁番市广汇路南段,13899320948,吐鲁番市清馨爱玛电动车销售行
1439, 昆明市官渡区绿荫大道与官南大道交叉口金粮花苑对面 ,13678707784,云南捷高商贸有限公司
1440,云南省玉溪市汇溪路彩虹小区星光公寓旁,15096721115,玉溪市豪爵摩托车销售有限公司
1441,云南省大理市下关建设东路37号飞越车行,13988555153,大理市兴邦商贸有限公司
1442,云南省文山市开化中路（军分区综合楼一幢03号1-2层）,18087657166,文山州弘盛商贸有限公司
1443,云南省红河哈尼族彝族自治州蒙自市极速车行,13035910695,蒙自万鑫商贸有限公司
1444,云南省保山市腾冲县腾越镇秀峰社区吉昌小区2号附1号,13577587737,腾冲县腾越镇诚振电动车经营部
1445,云南省西双版纳傣族自治州景洪市宜威大道（老供销社商铺）,18988138677,景洪中敢商贸有限责任公司
1446,云南省昭通市昭阳区裕康商业广场B-271、272号内,13116999864,昭通市昭阳区景粮商贸有限责任公司
1447,丽江市古城区寨后生态市场爱玛专卖店,18988138677,丽江市古城区好朋友商贸有限公司
1448,云南省红河州开远市电动车城二号门入口,13987392469,开远市刘陶摩托车商行
1449,砚山县砚华东路201号,15573966999,砚山县恒通电动车行
1450,楚雄市鹿城镇团结路体育场44-46号,13529503980,楚雄市鹿城镇凌宏车行
1451,重庆市重庆市南岸区长生桥镇河街19号,13983198132,重庆市长生桥镇夏杰伟
1452,重庆市渝北区双龙西路145-5号门市,15923268596,渝北区顺鑫摩托车经营部
1453,重庆市铜梁区巴川街道办事处中南路,15922918691,重庆市奇锳摩托车销售有限公司
1454,"重庆市永川区渝西大道中段507,493-6号",15215100368,重庆市永川区彭志鹏
1455,重庆市奉节县朱衣镇黄果村1社,18523770566,奉节县旭铭汽贸有限公司
1456,重庆市万州区白岩路538号,15978933178,万州区白岩路豪顺摩托车经营部
1457,重庆市涪陵区顺园路爱玛专卖店,13638255310,重庆市涪陵区李科
